enum_name,enum_id,bedes_content_uuid,bedes_term,bedes_definition,bedes_url,bedes_related_term_uuid,distance
Other,10861,,,,,,
Work,10860,1fd64653-45e2-45ba-a5a9-4360657e1317,Work,,https://bedes.lbl.gov/node/1fd64653-45e2-45ba-a5a9-4360657e1317,9ae91208-70a6-4fe4-b486-166eadb219f7,1.0
Personal,10859,71758863-7b29-4739-9323-0d53d78d716f,Personal,Email address used for personal communication.,https://bedes.lbl.gov/node/71758863-7b29-4739-9323-0d53d78d716f,a5417185-7c94-4c4a-8bc3-36e84863c764,1.0
Other,10858,,,,,,
Cell,10857,,,,,,
Evenings,10856,a4ab3eae-0883-4a44-b3d1-c6e41035df9f,Evening,"Phone number where contact can be reached during evening, or after regular work hours.",https://bedes.lbl.gov/node/a4ab3eae-0883-4a44-b3d1-c6e41035df9f,a36b4cb4-6b96-4127-94df-38d007bc2a99,0.975
Days,10855,,,,,,
Other,10854,,,,,,
Originator,10853,15f6f937-69ce-4451-b8dc-d2b82b6c0a38,Originator,Institution with primary responsibility for processing a loan application.,https://bedes.lbl.gov/node/15f6f937-69ce-4451-b8dc-d2b82b6c0a38,7d3e348a-253b-44aa-8b01-2967133a0c0c,1.0
Servicer,10852,e457cfd3-4456-4558-be92-31cb9a933a12,Servicer,Institution with primary responsibility for collecting and tracking a loan borrower payments.,https://bedes.lbl.gov/node/e457cfd3-4456-4558-be92-31cb9a933a12,7d3e348a-253b-44aa-8b01-2967133a0c0c,1.0
Lender,10851,2f94a5ff-a488-400f-bc99-639420789f77,Lender,Lending institution or company,https://bedes.lbl.gov/node/2f94a5ff-a488-400f-bc99-639420789f77,7d3e348a-253b-44aa-8b01-2967133a0c0c,1.0
Controls Engineer,10850,f407cc1f-9253-4a95-8715-27d07670cf77,Controls engineer,The controls engineer of record,https://bedes.lbl.gov/node/f407cc1f-9253-4a95-8715-27d07670cf77,7d3e348a-253b-44aa-8b01-2967133a0c0c,0.9514705882352941
Electrical Engineer,10849,8aa09ae4-d894-4f7c-9cda-d3876d91886c,Electrical engineer,The electrical engineer of record,https://bedes.lbl.gov/node/8aa09ae4-d894-4f7c-9cda-d3876d91886c,7d3e348a-253b-44aa-8b01-2967133a0c0c,0.9567251461988304
Trainer,10848,835a1b1b-d3a0-43dc-828f-b2b46b3486f3,Trainer,Trainer,https://bedes.lbl.gov/node/835a1b1b-d3a0-43dc-828f-b2b46b3486f3,7d3e348a-253b-44aa-8b01-2967133a0c0c,1.0
Facility Manager,10847,724043e1-cef0-4b93-99de-ee4b81a24b5a,Facility manager,Facility manager,https://bedes.lbl.gov/node/724043e1-cef0-4b93-99de-ee4b81a24b5a,7d3e348a-253b-44aa-8b01-2967133a0c0c,0.975
Facilitator,10846,2b4a6297-f42b-4c49-9ca3-2dd4305b9d11,Facilitator,Project or process facilitator,https://bedes.lbl.gov/node/2b4a6297-f42b-4c49-9ca3-2dd4305b9d11,7d3e348a-253b-44aa-8b01-2967133a0c0c,1.0
ESCO,10845,b9153527-3fc7-433a-8087-b5512c2ced76,ESCO,Energy savings/service company,https://bedes.lbl.gov/node/b9153527-3fc7-433a-8087-b5512c2ced76,7d3e348a-253b-44aa-8b01-2967133a0c0c,1.0
Electric Distribution Utility (EDU),10844,,,,,,
Power plant,10843,1054ae75-7237-4776-850d-04c566f7be39,Power plant,Individual power plant,https://bedes.lbl.gov/node/1054ae75-7237-4776-850d-04c566f7be39,7d3e348a-253b-44aa-8b01-2967133a0c0c,1.0
Utility,10842,fb748dd3-6611-4a63-afdb-eebf3a78dae7,Utility,"A premises providing services for the public such as electricity, natural gas, water, sewage, and telecommunications.",https://bedes.lbl.gov/node/fb748dd3-6611-4a63-afdb-eebf3a78dae7,c96589bd-0dfc-47a4-b040-11dba49d2ebd,1.0
Authority Having Jurisdiction,10841,7ea2f583-2a9e-40da-a41d-7460d01ed0bb,Authority having jurisdiction,"Also known as the ""AHJ"". The city, county or other authority with jurisdiction over building permits and inspections.",https://bedes.lbl.gov/node/7ea2f583-2a9e-40da-a41d-7460d01ed0bb,7d3e348a-253b-44aa-8b01-2967133a0c0c,0.9724137931034482
Service and Product Provider,10840,7c96f4c3-363d-4fb1-b3fc-a6e17872b7cc,Service and product provider,The ABS Service and Product Provider associated with a Portfolio Manager Facility.,https://bedes.lbl.gov/node/7c96f4c3-363d-4fb1-b3fc-a6e17872b7cc,7d3e348a-253b-44aa-8b01-2967133a0c0c,0.9714285714285714
Energy Consultant,10839,4a50de4a-8222-4f9c-bfdb-ebb0802db4ba,Energy consultant,The energy consultant of record,https://bedes.lbl.gov/node/4a50de4a-8222-4f9c-bfdb-ebb0802db4ba,7d3e348a-253b-44aa-8b01-2967133a0c0c,0.9764705882352941
Mechanical Engineer,10838,8ca644b3-75a6-4303-9207-2c269452baf2,Mechanical engineer,The mechanical engineer of record,https://bedes.lbl.gov/node/8ca644b3-75a6-4303-9207-2c269452baf2,7d3e348a-253b-44aa-8b01-2967133a0c0c,0.9567251461988304
Architect,10837,2e5e9f78-4429-448e-8b23-91371b8aa360,Architect,The architect of record,https://bedes.lbl.gov/node/2e5e9f78-4429-448e-8b23-91371b8aa360,7d3e348a-253b-44aa-8b01-2967133a0c0c,1.0
Billing,10836,ef68ebd7-a2c7-489c-a19f-9f02bd043539,Billing,The address where the utility bills are sent.,https://bedes.lbl.gov/node/ef68ebd7-a2c7-489c-a19f-9f02bd043539,7d3e348a-253b-44aa-8b01-2967133a0c0c,1.0
Service,10835,f6d23dca-b8af-4cf2-b5b8-4ee50700be38,Service,These establishments may provide general services on the premises.,https://bedes.lbl.gov/node/f6d23dca-b8af-4cf2-b5b8-4ee50700be38,c96589bd-0dfc-47a4-b040-11dba49d2ebd,1.0
Builder,10834,8656f8dc-105c-479d-8d82-8571f40f501a,Builder,Contact information for the builder.,https://bedes.lbl.gov/node/8656f8dc-105c-479d-8d82-8571f40f501a,7d3e348a-253b-44aa-8b01-2967133a0c0c,1.0
Evaluator,10833,3366c1eb-43d1-4400-85bd-b28d78c77a2b,Evaluator,Contact Information for the evaluator,https://bedes.lbl.gov/node/3366c1eb-43d1-4400-85bd-b28d78c77a2b,7d3e348a-253b-44aa-8b01-2967133a0c0c,1.0
MV Agent,10832,,,,,,
Commissioning Agent,10831,07f2aa09-8929-442f-802b-3fbaca477c71,Commissioning agent,Contact Information for the commissioning agent.,https://bedes.lbl.gov/node/07f2aa09-8929-442f-802b-3fbaca477c71,7d3e348a-253b-44aa-8b01-2967133a0c0c,0.9789473684210526
Financier,10830,ae6dd3e2-3e3b-495f-819a-3a85f2157c6d,Financier,Contact information for the financier,https://bedes.lbl.gov/node/ae6dd3e2-3e3b-495f-819a-3a85f2157c6d,7d3e348a-253b-44aa-8b01-2967133a0c0c,1.0
Implementer,10829,2780cc15-0080-4fcb-b27d-e8c2ba8a05a6,Implementer,Contact information for the project or measure implementer.,https://bedes.lbl.gov/node/2780cc15-0080-4fcb-b27d-e8c2ba8a05a6,7d3e348a-253b-44aa-8b01-2967133a0c0c,1.0
Contractor,10828,ea7184b7-848a-4d34-a798-bd847c78add2,Contractor,Contact information for the contractor.,https://bedes.lbl.gov/node/ea7184b7-848a-4d34-a798-bd847c78add2,7d3e348a-253b-44aa-8b01-2967133a0c0c,1.0
Energy Modeler,10827,2cb4aa70-21e3-42f3-b71d-65afa5729b6a,Energy modeler,Contact information for the energy modeler.,https://bedes.lbl.gov/node/2cb4aa70-21e3-42f3-b71d-65afa5729b6a,7d3e348a-253b-44aa-8b01-2967133a0c0c,0.9714285714285714
Energy Auditor,10826,70453ad6-b14d-4f7a-bfbb-6bb86274ec16,Energy Auditor,Contact information for the energy auditor.,https://bedes.lbl.gov/node/70453ad6-b14d-4f7a-bfbb-6bb86274ec16,7d3e348a-253b-44aa-8b01-2967133a0c0c,1.0
Operator,10825,e8441dff-490b-4da1-996b-36ef6eba93f7,Operator,"Contact information for the operator of the premises. The operator is in charge of managing the energy use of the building, such as operating schedules, thermostat setpoints, etc.",https://bedes.lbl.gov/node/e8441dff-490b-4da1-996b-36ef6eba93f7,7d3e348a-253b-44aa-8b01-2967133a0c0c,1.0
Property Management Company,10824,,,,,,
Contributor,10823,3207006c-0368-4bc5-a6e5-8aa031608b40,Contributor,Contributor of original information. Example: the original Portfolio Manager account who shared this premises data.,https://bedes.lbl.gov/node/3207006c-0368-4bc5-a6e5-8aa031608b40,7d3e348a-253b-44aa-8b01-2967133a0c0c,1.0
Qualified Assessor,10822,0b705326-095d-401d-b6b2-68b69c96f4e2,Qualified assessor,An individual qualified to perform an assessment of a premises.,https://bedes.lbl.gov/node/0b705326-095d-401d-b6b2-68b69c96f4e2,7d3e348a-253b-44aa-8b01-2967133a0c0c,0.9777777777777777
Administrator,10821,5eba4ac1-d47d-40e1-a684-b312e2ea5648,Administrator,Administrator of customer accounts.,https://bedes.lbl.gov/node/5eba4ac1-d47d-40e1-a684-b312e2ea5648,7d3e348a-253b-44aa-8b01-2967133a0c0c,1.0
Customer agreement,10820,8b5047bb-090b-46b2-a205-6024888bf22e,Customer agreement,California Proposition 39 customer agreement,https://bedes.lbl.gov/node/8b5047bb-090b-46b2-a205-6024888bf22e,7d3e348a-253b-44aa-8b01-2967133a0c0c,1.0
Customer,10819,47152f84-b2f4-4a1b-aac4-2224cab919d2,Customer,Customer,https://bedes.lbl.gov/node/47152f84-b2f4-4a1b-aac4-2224cab919d2,7d3e348a-253b-44aa-8b01-2967133a0c0c,1.0
Owner,10818,8c0d705e-7e6d-403b-bccd-c58247c50856,Owner,Legal owner of a premises,https://bedes.lbl.gov/node/8c0d705e-7e6d-403b-bccd-c58247c50856,9990e638-f884-446b-9218-c5855a7e7955,1.0
Agency,10817,28d8d9dd-4448-4493-902f-9cf1d191428d,Agency,"Agency such as the Federal agency, required to designate a facility as a federal property in Portfolio Manager.",https://bedes.lbl.gov/node/28d8d9dd-4448-4493-902f-9cf1d191428d,7d3e348a-253b-44aa-8b01-2967133a0c0c,1.0
Occupant,10816,14336def-9751-431f-b713-ba0ec63883a2,Occupant,Occupant,https://bedes.lbl.gov/node/14336def-9751-431f-b713-ba0ec63883a2,7d3e348a-253b-44aa-8b01-2967133a0c0c,1.0
Premises,10815,2bd3d6b2-4dd3-4e8a-9a1d-4177487d7059,Premises,"Identifier for a given premises. A premises can be any part of a building or land, such as a store in a mall, or a whole campus.",https://bedes.lbl.gov/node/2bd3d6b2-4dd3-4e8a-9a1d-4177487d7059,224f52fa-2b57-4a3e-8956-2c94bd1996be,1.0
Custom,10814,47152f84-b2f4-4a1b-aac4-2224cab919d2,Customer,Customer,https://bedes.lbl.gov/node/47152f84-b2f4-4a1b-aac4-2224cab919d2,7d3e348a-253b-44aa-8b01-2967133a0c0c,0.95
Lot,10813,e373c540-4bfd-49a0-9e68-b4e382acb9c9,Lot,Land properties are often sold with multiple land lots.,https://bedes.lbl.gov/node/e373c540-4bfd-49a0-9e68-b4e382acb9c9,d10f0c0b-7993-400e-bfe3-c0fb9a4ab2ad,1.0
Open,10812,c44e66e3-2a30-4235-b4f1-e2569e895a81,Open,Premises does not have a roof but may have some walls or partial walls.,https://bedes.lbl.gov/node/c44e66e3-2a30-4235-b4f1-e2569e895a81,b650665e-a1af-460f-9aa2-e05bb7d06d96,1.0
Non-Enclosed,10811,,,,,,
Enclosed,10810,609407ca-461e-48f4-8b08-aed6311d3c2f,Enclosed,"Premises is completely enclosed by walls, including windows that can be shut, and a roof.",https://bedes.lbl.gov/node/609407ca-461e-48f4-8b08-aed6311d3c2f,b650665e-a1af-460f-9aa2-e05bb7d06d96,1.0
Ventilated,10809,5d691702-ad74-4fd1-b1f0-4749cca59d6a,Ventilated,Premises are ventilated mechanically.,https://bedes.lbl.gov/node/5d691702-ad74-4fd1-b1f0-4749cca59d6a,86b2ac31-8d38-4e02-b457-d3998d19ab6d,1.0
Cooled only,10808,,,,,,
Heated only,10807,,,,,,
Heated and Cooled,10806,,,,,,
Semi-conditioned,10805,aca5748d-4ebb-4716-8d35-9d80a01e062f,Semi conditioned,"Premises are partially conditioned by mechanical heating, cooling, ventilation, or humidity control.",https://bedes.lbl.gov/node/aca5748d-4ebb-4716-8d35-9d80a01e062f,86b2ac31-8d38-4e02-b457-d3998d19ab6d,0.975
Unconditioned,10804,9de91345-4f35-4334-ba1b-4b954e6d197c,Unconditioned,"Premises are not conditioned by any mechanical cooling, heating, ventilation, and/or humidity control.",https://bedes.lbl.gov/node/9de91345-4f35-4334-ba1b-4b954e6d197c,86b2ac31-8d38-4e02-b457-d3998d19ab6d,1.0
Conditioned,10803,925008ac-90f0-4fc5-9627-d44dc8e91246,Conditioned,"Premises are conditioned if mechanically cooled, heated, ventilated, and/or controlled for humidity.",https://bedes.lbl.gov/node/925008ac-90f0-4fc5-9627-d44dc8e91246,86b2ac31-8d38-4e02-b457-d3998d19ab6d,1.0
Cooled,10802,a606b14c-99d2-4453-a246-0b3806f9dc07,Cooled,Premises are mechanically cooled.,https://bedes.lbl.gov/node/a606b14c-99d2-4453-a246-0b3806f9dc07,86b2ac31-8d38-4e02-b457-d3998d19ab6d,1.0
Heated,10801,0ce5f2dd-2fa8-4157-8423-237c9963f62a,Heated,Premises are mechanically heated.,https://bedes.lbl.gov/node/0ce5f2dd-2fa8-4157-8423-237c9963f62a,86b2ac31-8d38-4e02-b457-d3998d19ab6d,1.0
Daylit,10800,,,,,,
Lighted,10799,,,,,,
Occupied,10798,bf8468e5-474b-4a44-96c5-5ef8e3379184,Occupied,"Occupied by the primary occupant type for this premises: people, property, or animals.",https://bedes.lbl.gov/node/bf8468e5-474b-4a44-96c5-5ef8e3379184,c96ba8d5-cb5a-4163-8ca7-d62a24b3de34,1.0
Rentable,10797,e5a507f6-705d-48bc-a968-f84088f0192e,Rentable,Floor area that is being rented or is for rent.,https://bedes.lbl.gov/node/e5a507f6-705d-48bc-a968-f84088f0192e,468fbd28-7043-45fb-8287-9e4ee2efbe6d,1.0
Footprint,10796,6e428fee-7919-47d9-adf7-6648271f2329,Footprint,The total horizontal area of the vertical span of the premises.,https://bedes.lbl.gov/node/6e428fee-7919-47d9-adf7-6648271f2329,468fbd28-7043-45fb-8287-9e4ee2efbe6d,1.0
Finished,10795,25a496f2-c784-49cf-8599-93819379443a,Finished,"To be considered finished, the premises must meet three of the following criteria: be heated, have finished walls, have a finished ceiling (no exposed floor joists), and have a finished floor (painted concrete floors don't count).",https://bedes.lbl.gov/node/25a496f2-c784-49cf-8599-93819379443a,d3649974-1a49-4f8c-af61-3bee0fe6a113,1.0
Net,10794,2d6b707a-abd6-406a-973f-b3809d3ebbe1,Net,"Gross floor area, excluding the area occupied by walls and partitions, the circulation area (where people walk), and the mechanical area (where there is mechanical equipment), i.e., gross floor area reduced by the area for structural components",https://bedes.lbl.gov/node/2d6b707a-abd6-406a-973f-b3809d3ebbe1,468fbd28-7043-45fb-8287-9e4ee2efbe6d,1.0
Gross,10793,49c74a3e-12c9-43e7-b3af-715ccf3aa0b3,Gross,"The sum of the floor areas of all the spaces within the premises with no deductions for floor penetrations other than atria. it is measured from the exterior faces of exterior walls or from the centerline of walls separating buildings but it excludes covered walkways, open-roofed over areas, porches and similar spaces, pipe trenches, exterior terraces or steps, roof overhangs, parking garages, surface parking, and similar features.",https://bedes.lbl.gov/node/49c74a3e-12c9-43e7-b3af-715ccf3aa0b3,468fbd28-7043-45fb-8287-9e4ee2efbe6d,1.0
Common,10792,5ef25880-ec7b-4e1c-8a64-786f4362f843,Common,Commonly used street suffix or abbreviations: Clb,https://bedes.lbl.gov/node/5ef25880-ec7b-4e1c-8a64-786f4362f843,0e5b9f13-6b6b-4a6e-86bb-d4667b62cc4e,1.0
Tenant,10791,59ddcbe1-806b-4420-a580-c83e29781578,Tenant,Occupant who occupies land or property rented from a landlord,https://bedes.lbl.gov/node/59ddcbe1-806b-4420-a580-c83e29781578,9990e638-f884-446b-9218-c5855a7e7955,1.0
Wing,10790,52f01f54-f3fc-49fa-8e4d-a9a59d83a34a,Wing,,https://bedes.lbl.gov/node/52f01f54-f3fc-49fa-8e4d-a9a59d83a34a,aeae978b-c81e-4318-b6af-8ac8da74dd51,1.0
Upper,10789,fe34041f-ed79-4e9d-81dd-5c9f1f459d86,Upper,Common unit abbreviation: Uppr,https://bedes.lbl.gov/node/fe34041f-ed79-4e9d-81dd-5c9f1f459d86,aeae978b-c81e-4318-b6af-8ac8da74dd51,1.0
Unit,10788,0ac2edbb-ce97-4b05-b977-91c5b20bf189,Unit,Generic unit type,https://bedes.lbl.gov/node/0ac2edbb-ce97-4b05-b977-91c5b20bf189,d10f0c0b-7993-400e-bfe3-c0fb9a4ab2ad,1.0
Trailer,10787,2ca1bb90-0fdb-4b5e-ad57-8335dbb9318c,Trailer,"Commonly used street suffix or abbreviations: Trlr, Trlrs",https://bedes.lbl.gov/node/2ca1bb90-0fdb-4b5e-ad57-8335dbb9318c,0e5b9f13-6b6b-4a6e-86bb-d4667b62cc4e,1.0
Tower,10786,9246658f-2911-4703-b092-2bc48690f520,Tower,,https://bedes.lbl.gov/node/9246658f-2911-4703-b092-2bc48690f520,aeae978b-c81e-4318-b6af-8ac8da74dd51,1.0
Terminal,10785,1e7feb90-1b1d-4084-a138-e889f21c3c06,Terminal,,https://bedes.lbl.gov/node/1e7feb90-1b1d-4084-a138-e889f21c3c06,aeae978b-c81e-4318-b6af-8ac8da74dd51,1.0
Suite,10784,f082e06f-516c-4b82-97b6-1fda41812ff2,Suite,Common unit abbreviation: Ste,https://bedes.lbl.gov/node/f082e06f-516c-4b82-97b6-1fda41812ff2,aeae978b-c81e-4318-b6af-8ac8da74dd51,1.0
Stop,10783,fdd944d8-1f83-4ee8-858b-8ded41a6fa2a,Stop,Common unit abbreviation: Stop,https://bedes.lbl.gov/node/fdd944d8-1f83-4ee8-858b-8ded41a6fa2a,aeae978b-c81e-4318-b6af-8ac8da74dd51,1.0
Space,10782,1bc16d94-c485-4a6e-ad52-182d753b317b,Space,"A space is a section within a building or area that aids the primary activity and could not stand alone, such as a hallway or a closet.",https://bedes.lbl.gov/node/1bc16d94-c485-4a6e-ad52-182d753b317b,fba25f46-1fbd-4379-b4fa-5d34884730b0,1.0
Slip,10781,fe67e366-8ed4-44fc-9750-5162febce0b8,Slip,Common unit abbreviation: Slip,https://bedes.lbl.gov/node/fe67e366-8ed4-44fc-9750-5162febce0b8,aeae978b-c81e-4318-b6af-8ac8da74dd51,1.0
Side,10780,959cbc7e-5ded-498f-8b7f-d43604c16e2b,Side,Common unit abbreviation: Side,https://bedes.lbl.gov/node/959cbc7e-5ded-498f-8b7f-d43604c16e2b,aeae978b-c81e-4318-b6af-8ac8da74dd51,1.0
Seat,10779,75140795-6313-480b-a30d-d46e2a70c5f2,Seat,,https://bedes.lbl.gov/node/75140795-6313-480b-a30d-d46e2a70c5f2,aeae978b-c81e-4318-b6af-8ac8da74dd51,1.0
Room,10778,78b43fdd-c53b-467d-8c41-ea71f2860db2,Room,"Rooms refers to subdivisions of a housing unit. Whole rooms are rooms such as living rooms, dining rooms, bedrooms, kitchens, lodgers' rooms, finished basements or attic rooms, recreation rooms, and permanently enclosed sun porches that are used year round. Rooms used for offices by a person living in the unit are included. Not considered to be rooms are bathrooms, halls, foyers or vestibules, balconies, closets, alcoves, pantries, strip or pullman kitchens, laundry or furnace rooms, unfinished attics or basements, open porches, and unfinished space used for storage. A partially divided room, such as a dinette next to a kitchen or a living room, is considered a separate room only if there is a partition from floor to ceiling, but not if the partition consists solely of shelves or cabinets. If a room is used by occupants of more than one unit, the room is included with the unit from which it is most easily reached.",https://bedes.lbl.gov/node/78b43fdd-c53b-467d-8c41-ea71f2860db2,d10f0c0b-7993-400e-bfe3-c0fb9a4ab2ad,1.0
Rear,10777,88ec14ce-98a9-4214-9f21-c1be77143865,Rear,Common unit abbreviation: Rear,https://bedes.lbl.gov/node/88ec14ce-98a9-4214-9f21-c1be77143865,aeae978b-c81e-4318-b6af-8ac8da74dd51,1.0
PO Box,10776,db19a7fa-2bd1-4e47-9819-386fd066a56e,PO Box,,https://bedes.lbl.gov/node/db19a7fa-2bd1-4e47-9819-386fd066a56e,aeae978b-c81e-4318-b6af-8ac8da74dd51,1.0
Pier,10775,b11aabd4-7f56-4f37-94db-61b0a6cdb186,Pier,Common unit abbreviation: Pier,https://bedes.lbl.gov/node/b11aabd4-7f56-4f37-94db-61b0a6cdb186,aeae978b-c81e-4318-b6af-8ac8da74dd51,1.0
Penthouse,10774,94a0dddc-11a9-4526-af6c-be31fb3aba2a,Penthouse,Common unit abbreviation: Ph,https://bedes.lbl.gov/node/94a0dddc-11a9-4526-af6c-be31fb3aba2a,aeae978b-c81e-4318-b6af-8ac8da74dd51,1.0
Office,10773,1f0c77bd-42ee-402e-a163-25636870dda6,Office,Administrative and professional office premises that manage other establishments of the company.,https://bedes.lbl.gov/node/1f0c77bd-42ee-402e-a163-25636870dda6,c96589bd-0dfc-47a4-b040-11dba49d2ebd,1.0
Lower,10772,0869bf35-657e-433e-a290-d425fd6da12e,Lower,Common unit abbreviation: Lowr,https://bedes.lbl.gov/node/0869bf35-657e-433e-a290-d425fd6da12e,aeae978b-c81e-4318-b6af-8ac8da74dd51,1.0
Lot,10771,e373c540-4bfd-49a0-9e68-b4e382acb9c9,Lot,Land properties are often sold with multiple land lots.,https://bedes.lbl.gov/node/e373c540-4bfd-49a0-9e68-b4e382acb9c9,d10f0c0b-7993-400e-bfe3-c0fb9a4ab2ad,1.0
Lobby,10770,26e45718-3a2a-4912-a0cb-9017a254fe63,Lobby,"A lobby, foyer or entrance hall is an area often located at the entrance of a building for socializing and greeting.",https://bedes.lbl.gov/node/26e45718-3a2a-4912-a0cb-9017a254fe63,c96589bd-0dfc-47a4-b040-11dba49d2ebd,1.0
Key,10769,f51f7059-4fd3-4cb3-892a-99220ace6b38,Key,Commonly used street suffix or abbreviations: Ky,https://bedes.lbl.gov/node/f51f7059-4fd3-4cb3-892a-99220ace6b38,0e5b9f13-6b6b-4a6e-86bb-d4667b62cc4e,1.0
Hanger,10768,a846b36b-f316-4d47-9be5-b5ec2ec1da1c,Hanger,Common unit abbreviation: Hngr,https://bedes.lbl.gov/node/a846b36b-f316-4d47-9be5-b5ec2ec1da1c,aeae978b-c81e-4318-b6af-8ac8da74dd51,1.0
Front,10767,b476095a-6864-49e0-9caa-a5313b60e09a,Front,Common unit abbreviation: Frnt,https://bedes.lbl.gov/node/b476095a-6864-49e0-9caa-a5313b60e09a,aeae978b-c81e-4318-b6af-8ac8da74dd51,1.0
Floor,10766,9faff201-b000-41cf-9b8a-6955b6937eea,Floor,Stories or floors made up of spaces that are all on the same level.,https://bedes.lbl.gov/node/9faff201-b000-41cf-9b8a-6955b6937eea,d10f0c0b-7993-400e-bfe3-c0fb9a4ab2ad,1.0
Department,10765,2f05ae58-2f06-46cd-8af5-c9e0029b094e,Department,Common unit abbreviation: Dept,https://bedes.lbl.gov/node/2f05ae58-2f06-46cd-8af5-c9e0029b094e,aeae978b-c81e-4318-b6af-8ac8da74dd51,1.0
Cubicle,10764,f0765992-787f-4e82-8cd6-95d5513fb354,Cubicle,,https://bedes.lbl.gov/node/f0765992-787f-4e82-8cd6-95d5513fb354,aeae978b-c81e-4318-b6af-8ac8da74dd51,1.0
Corridor,10763,74ae3421-7517-46aa-993c-b36d40796c85,Corridor,A corridor is a long passage in a building from which doors lead into rooms.,https://bedes.lbl.gov/node/74ae3421-7517-46aa-993c-b36d40796c85,c96589bd-0dfc-47a4-b040-11dba49d2ebd,1.0
Building,10762,ee24930d-e880-4212-b3f7-ac8f511111d4,Building,"A building is a single structure wholly or partially enclosed within exterior walls, or within exterior and abutment walls (party walls), and a roof, affording shelter to persons, animals, or property. A building can be two or more units held in the condominium form of ownership that are governed by the same board of managers.",https://bedes.lbl.gov/node/ee24930d-e880-4212-b3f7-ac8f511111d4,fba25f46-1fbd-4379-b4fa-5d34884730b0,1.0
Block,10761,aa868928-40d5-4e95-8df2-707654a8f9ae,Block,,https://bedes.lbl.gov/node/aa868928-40d5-4e95-8df2-707654a8f9ae,aeae978b-c81e-4318-b6af-8ac8da74dd51,1.0
Berth,10760,a4da7604-6d64-4fd8-a399-74f728de75ba,Berth,,https://bedes.lbl.gov/node/a4da7604-6d64-4fd8-a399-74f728de75ba,aeae978b-c81e-4318-b6af-8ac8da74dd51,1.0
Basement,10759,6baa545d-e5f8-4ccd-b36d-6abd63a74cc2,Basement,"Finished, partially-finished, or unfinished.",https://bedes.lbl.gov/node/6baa545d-e5f8-4ccd-b36d-6abd63a74cc2,c96589bd-0dfc-47a4-b040-11dba49d2ebd,1.0
Apartment,10758,631b24fe-6cb8-4cbf-b74d-298a6ba87f23,Apartment,Common unit abbreviation: Apt,https://bedes.lbl.gov/node/631b24fe-6cb8-4cbf-b74d-298a6ba87f23,aeae978b-c81e-4318-b6af-8ac8da74dd51,1.0
Northwest,10757,d7841166-1906-464b-93c8-d17979b61275,Northwest,"Lying toward, or facing the northwest.",https://bedes.lbl.gov/node/d7841166-1906-464b-93c8-d17979b61275,de8671ad-4714-417d-9554-61b2e2561772,1.0
West,10756,adbc46db-dd2b-418e-8456-fe6f433f31d5,West,"Lying toward, or facing the west.",https://bedes.lbl.gov/node/adbc46db-dd2b-418e-8456-fe6f433f31d5,de8671ad-4714-417d-9554-61b2e2561772,1.0
Southwest,10755,26e15218-88e2-4573-aa0a-8bdb9a73b53b,Southwest,"Lying toward, or facing the southwest.",https://bedes.lbl.gov/node/26e15218-88e2-4573-aa0a-8bdb9a73b53b,de8671ad-4714-417d-9554-61b2e2561772,1.0
South,10754,32f17c2d-a396-49fe-9212-9efbd1ab6fbc,South,"Lying toward, or facing the south.",https://bedes.lbl.gov/node/32f17c2d-a396-49fe-9212-9efbd1ab6fbc,de8671ad-4714-417d-9554-61b2e2561772,1.0
Southeast,10753,3f0dd4b4-aeff-48b6-94f4-5c274f7da49f,Southeast,"Lying toward, or facing the southeast.",https://bedes.lbl.gov/node/3f0dd4b4-aeff-48b6-94f4-5c274f7da49f,de8671ad-4714-417d-9554-61b2e2561772,1.0
East,10752,2c8c0990-f06b-46a9-8483-73f4167fc21d,East,"Lying toward, or facing the east.",https://bedes.lbl.gov/node/2c8c0990-f06b-46a9-8483-73f4167fc21d,de8671ad-4714-417d-9554-61b2e2561772,1.0
Northeast,10751,b09b0771-eeb0-4878-a910-43100ffd6365,Northeast,"Lying toward, or facing the northeast.",https://bedes.lbl.gov/node/b09b0771-eeb0-4878-a910-43100ffd6365,de8671ad-4714-417d-9554-61b2e2561772,1.0
North,10750,cd3efe64-7475-4f58-b79a-eb2ee8f9083d,North,"Lying toward, or facing the north.",https://bedes.lbl.gov/node/cd3efe64-7475-4f58-b79a-eb2ee8f9083d,de8671ad-4714-417d-9554-61b2e2561772,1.0
Wells,10749,091bbc73-9bcf-4886-8927-56775d1a56b7,Wells,Commonly used street suffix or abbreviations: Wls,https://bedes.lbl.gov/node/091bbc73-9bcf-4886-8927-56775d1a56b7,0e5b9f13-6b6b-4a6e-86bb-d4667b62cc4e,1.0
Well,10748,540775a8-6d0b-4f53-a105-74fb5bb5f2da,Well,Commonly used street suffix or abbreviations: Wl,https://bedes.lbl.gov/node/540775a8-6d0b-4f53-a105-74fb5bb5f2da,0e5b9f13-6b6b-4a6e-86bb-d4667b62cc4e,1.0
Ways,10747,9c3ece87-e875-4353-8b87-0703aa5f6f6f,Ways,Commonly used street suffix or abbreviations: Wys,https://bedes.lbl.gov/node/9c3ece87-e875-4353-8b87-0703aa5f6f6f,0e5b9f13-6b6b-4a6e-86bb-d4667b62cc4e,1.0
Way,10746,0a1ffc7c-a224-44f2-9e4b-84b5066d0cd3,Way,Commonly used street suffix or abbreviations: Wy,https://bedes.lbl.gov/node/0a1ffc7c-a224-44f2-9e4b-84b5066d0cd3,0e5b9f13-6b6b-4a6e-86bb-d4667b62cc4e,1.0
Wall,10745,5090e146-fc87-4296-b755-fc62d6fd4399,Wall,Commonly used street suffix or abbreviations: Wall,https://bedes.lbl.gov/node/5090e146-fc87-4296-b755-fc62d6fd4399,0e5b9f13-6b6b-4a6e-86bb-d4667b62cc4e,1.0
Walks,10744,b81a9438-129d-43c0-a027-32365a0c8e87,Walks,Commonly used street suffix or abbreviations: Wlks,https://bedes.lbl.gov/node/b81a9438-129d-43c0-a027-32365a0c8e87,0e5b9f13-6b6b-4a6e-86bb-d4667b62cc4e,1.0
Walk,10743,b5a7a8fd-e730-4b16-82b9-1d2a19d12565,Walk,"Commonly used street suffix or abbreviations: Wk, Wlk",https://bedes.lbl.gov/node/b5a7a8fd-e730-4b16-82b9-1d2a19d12565,0e5b9f13-6b6b-4a6e-86bb-d4667b62cc4e,1.0
Vista,10742,635fe723-9529-4ded-a077-982d5a2464f4,Vista,"Commonly used street suffix or abbreviations: Vis, Vist, Vst, Vsta",https://bedes.lbl.gov/node/635fe723-9529-4ded-a077-982d5a2464f4,0e5b9f13-6b6b-4a6e-86bb-d4667b62cc4e,1.0
Ville,10741,8f84ee1e-ab8a-4588-b4ce-effba164ad6d,Ville,Commonly used street suffix or abbreviations: Vl,https://bedes.lbl.gov/node/8f84ee1e-ab8a-4588-b4ce-effba164ad6d,0e5b9f13-6b6b-4a6e-86bb-d4667b62cc4e,1.0
Villages,10740,1e04106c-61e7-4831-8d06-c8f84946c035,Villages,Commonly used street suffix or abbreviations: Vlgs,https://bedes.lbl.gov/node/1e04106c-61e7-4831-8d06-c8f84946c035,0e5b9f13-6b6b-4a6e-86bb-d4667b62cc4e,1.0
Village,10739,b24348ba-94f7-4ddd-96e4-ce2985a7a63c,Village,"Commonly used street suffix or abbreviations: Vill, Villag, Villg, Villiage, Vlg",https://bedes.lbl.gov/node/b24348ba-94f7-4ddd-96e4-ce2985a7a63c,0e5b9f13-6b6b-4a6e-86bb-d4667b62cc4e,1.0
Views,10738,d39a5c9a-f79b-4433-a810-dd858cadbb19,Views,Commonly used street suffix or abbreviations: Vws,https://bedes.lbl.gov/node/d39a5c9a-f79b-4433-a810-dd858cadbb19,0e5b9f13-6b6b-4a6e-86bb-d4667b62cc4e,1.0
View,10737,ae0f92d3-fe64-4182-bb4f-f2724f657596,View,Commonly used street suffix or abbreviations: Vw,https://bedes.lbl.gov/node/ae0f92d3-fe64-4182-bb4f-f2724f657596,0e5b9f13-6b6b-4a6e-86bb-d4667b62cc4e,1.0
Viaduct,10736,b1ebc809-c79f-4544-8430-65aef9ddf1ef,Viaduct,"Commonly used street suffix or abbreviations: Vdct, Via, Viadct",https://bedes.lbl.gov/node/b1ebc809-c79f-4544-8430-65aef9ddf1ef,0e5b9f13-6b6b-4a6e-86bb-d4667b62cc4e,1.0
Valleys,10735,ea62c2ac-b04c-4a2b-a895-c12fac8ee259,Valleys,Commonly used street suffix or abbreviations: Vlys,https://bedes.lbl.gov/node/ea62c2ac-b04c-4a2b-a895-c12fac8ee259,0e5b9f13-6b6b-4a6e-86bb-d4667b62cc4e,1.0
Valley,10734,a03abcb5-b50f-4084-9bfb-d22b298e000f,Valley,"Commonly used street suffix or abbreviations: Vally, Vlly, Vly",https://bedes.lbl.gov/node/a03abcb5-b50f-4084-9bfb-d22b298e000f,0e5b9f13-6b6b-4a6e-86bb-d4667b62cc4e,1.0
Unions,10733,efabad8b-6c3f-4d3b-8ab7-d9f623351d37,Unions,Commonly used street suffix or abbreviations: Uns,https://bedes.lbl.gov/node/efabad8b-6c3f-4d3b-8ab7-d9f623351d37,0e5b9f13-6b6b-4a6e-86bb-d4667b62cc4e,1.0
Union,10732,482116f5-6240-4f16-8824-f98b31bc8983,Union,Commonly used street suffix or abbreviations: Un,https://bedes.lbl.gov/node/482116f5-6240-4f16-8824-f98b31bc8983,0e5b9f13-6b6b-4a6e-86bb-d4667b62cc4e,1.0
Underpass,10731,f06e745f-a836-481f-ae9e-f46034831f12,Underpass,Commonly used street suffix or abbreviations: Upas,https://bedes.lbl.gov/node/f06e745f-a836-481f-ae9e-f46034831f12,0e5b9f13-6b6b-4a6e-86bb-d4667b62cc4e,1.0
Turnpike,10730,24e872e9-1c04-42f3-9c2f-f343607f8992,Turnpike,"Commonly used street suffix or abbreviations: Tpke, Trnpk, Turnpk",https://bedes.lbl.gov/node/24e872e9-1c04-42f3-9c2f-f343607f8992,0e5b9f13-6b6b-4a6e-86bb-d4667b62cc4e,1.0
Tunnel,10729,924ceaac-3d07-4c30-b910-f62f2b92c388,Tunnel,"Commonly used street suffix or abbreviations: Tunel, Tunl, Tunls, Tunnels, Tunnl",https://bedes.lbl.gov/node/924ceaac-3d07-4c30-b910-f62f2b92c388,0e5b9f13-6b6b-4a6e-86bb-d4667b62cc4e,1.0
Trailer,10728,2ca1bb90-0fdb-4b5e-ad57-8335dbb9318c,Trailer,"Commonly used street suffix or abbreviations: Trlr, Trlrs",https://bedes.lbl.gov/node/2ca1bb90-0fdb-4b5e-ad57-8335dbb9318c,0e5b9f13-6b6b-4a6e-86bb-d4667b62cc4e,1.0
Trail,10727,63b41593-9c0f-455b-86f8-42316c7fea65,Trail,"Commonly used street suffix or abbreviations: Trails, Trl, Trls",https://bedes.lbl.gov/node/63b41593-9c0f-455b-86f8-42316c7fea65,0e5b9f13-6b6b-4a6e-86bb-d4667b62cc4e,1.0
Trafficway,10726,f6e35d60-fa06-4a42-af3a-2d7c3962c1bf,Trafficway,Commonly used street suffix or abbreviations: Trfy,https://bedes.lbl.gov/node/f6e35d60-fa06-4a42-af3a-2d7c3962c1bf,0e5b9f13-6b6b-4a6e-86bb-d4667b62cc4e,1.0
Track,10725,84441047-4af3-4ea6-89e3-de880024ba8a,Track,"Commonly used street suffix or abbreviations: Tracks, Trak, Trk, Trks",https://bedes.lbl.gov/node/84441047-4af3-4ea6-89e3-de880024ba8a,0e5b9f13-6b6b-4a6e-86bb-d4667b62cc4e,1.0
Trace,10724,fadf59d2-3afe-436d-9eba-f97d98a827bb,Trace,"Commonly used street suffix or abbreviations: Traces, Trce",https://bedes.lbl.gov/node/fadf59d2-3afe-436d-9eba-f97d98a827bb,0e5b9f13-6b6b-4a6e-86bb-d4667b62cc4e,1.0
Throughway,10723,ddd3a1ae-aadc-4329-a30d-67275ecf21de,Throughway,Commonly used street suffix or abbreviations: Trwy,https://bedes.lbl.gov/node/ddd3a1ae-aadc-4329-a30d-67275ecf21de,0e5b9f13-6b6b-4a6e-86bb-d4667b62cc4e,1.0
Terrace,10722,19f6e913-0012-482a-8071-9955d5b0c4a5,Terrace,"Commonly used street suffix or abbreviations: Ter, Terr",https://bedes.lbl.gov/node/19f6e913-0012-482a-8071-9955d5b0c4a5,0e5b9f13-6b6b-4a6e-86bb-d4667b62cc4e,1.0
Summit,10721,5fac0002-aa6f-4801-b897-23887475881b,Summit,"Commonly used street suffix or abbreviations: Smt, Sumit, Sumitt",https://bedes.lbl.gov/node/5fac0002-aa6f-4801-b897-23887475881b,0e5b9f13-6b6b-4a6e-86bb-d4667b62cc4e,1.0
Streets,10720,96b0371f-0401-4570-9e98-5bafdf40ba44,Streets,Commonly used street suffix or abbreviations: Sts,https://bedes.lbl.gov/node/96b0371f-0401-4570-9e98-5bafdf40ba44,0e5b9f13-6b6b-4a6e-86bb-d4667b62cc4e,1.0
Street,10719,103b8df3-706b-45fe-bea0-46c1c86e8e88,Street,"Commonly used street suffix or abbreviations: Strt, St, Str",https://bedes.lbl.gov/node/103b8df3-706b-45fe-bea0-46c1c86e8e88,0e5b9f13-6b6b-4a6e-86bb-d4667b62cc4e,1.0
Stream,10718,9bd41272-5414-4054-92af-c1e437760134,Stream,"Commonly used street suffix or abbreviations: Steme, Strm",https://bedes.lbl.gov/node/9bd41272-5414-4054-92af-c1e437760134,0e5b9f13-6b6b-4a6e-86bb-d4667b62cc4e,1.0
Stravenue,10717,16fee9e5-5752-494d-8037-b73f65ea2e49,Stravenue,"Commonly used street suffix or abbreviations: Stra, Strav, Straven, Stravn, Strvn, Strvnue",https://bedes.lbl.gov/node/16fee9e5-5752-494d-8037-b73f65ea2e49,0e5b9f13-6b6b-4a6e-86bb-d4667b62cc4e,1.0
Station,10716,06767903-787e-4ef6-8775-819dc2eb05f4,Station,"Individual stations on the premises, such as workstations in a manufacturer, cashier stations in a retail store, etc.",https://bedes.lbl.gov/node/06767903-787e-4ef6-8775-819dc2eb05f4,d10f0c0b-7993-400e-bfe3-c0fb9a4ab2ad,1.0
Squares,10715,e3426055-ff86-4acb-afea-d97ae26f1eed,Squares,"Commonly used street suffix or abbreviations: Sqrs, Sqs",https://bedes.lbl.gov/node/e3426055-ff86-4acb-afea-d97ae26f1eed,0e5b9f13-6b6b-4a6e-86bb-d4667b62cc4e,1.0
Square,10714,6b554b10-a758-4caa-834e-b96f0a0e1349,Square,"Commonly used street suffix or abbreviations: Sq, Sqr, Sqre, Squ",https://bedes.lbl.gov/node/6b554b10-a758-4caa-834e-b96f0a0e1349,0e5b9f13-6b6b-4a6e-86bb-d4667b62cc4e,1.0
Spurs,10713,af8fa1bf-0af4-4c47-aa3b-3177e1f3f894,Spurs,Commonly used street suffix or abbreviations: Spurs,https://bedes.lbl.gov/node/af8fa1bf-0af4-4c47-aa3b-3177e1f3f894,0e5b9f13-6b6b-4a6e-86bb-d4667b62cc4e,1.0
Spur,10712,bc839a3e-fb4a-4da8-b542-274bb3f20345,Spur,Commonly used street suffix or abbreviations: Spur,https://bedes.lbl.gov/node/bc839a3e-fb4a-4da8-b542-274bb3f20345,0e5b9f13-6b6b-4a6e-86bb-d4667b62cc4e,1.0
Springs,10711,cbb60111-5b65-4919-a84d-e02e6aafd634,Springs,"Commonly used street suffix or abbreviations: Spgs, Spngs, Sprngs",https://bedes.lbl.gov/node/cbb60111-5b65-4919-a84d-e02e6aafd634,0e5b9f13-6b6b-4a6e-86bb-d4667b62cc4e,1.0
Spring,10710,bc89fd3e-eb12-46de-b99d-72c0ff4a9d43,Spring,"Commonly used street suffix or abbreviations: Spg, Sprng",https://bedes.lbl.gov/node/bc89fd3e-eb12-46de-b99d-72c0ff4a9d43,0e5b9f13-6b6b-4a6e-86bb-d4667b62cc4e,1.0
Skyway,10709,f25f8daa-9991-48a3-89ab-f84216c40343,Skyway,Commonly used street suffix or abbreviations: Skwy,https://bedes.lbl.gov/node/f25f8daa-9991-48a3-89ab-f84216c40343,0e5b9f13-6b6b-4a6e-86bb-d4667b62cc4e,1.0
Shores,10708,48063f9b-9acd-4379-987d-756b98b313e8,Shores,"Commonly used street suffix or abbreviations: Shoars, Shrs",https://bedes.lbl.gov/node/48063f9b-9acd-4379-987d-756b98b313e8,0e5b9f13-6b6b-4a6e-86bb-d4667b62cc4e,1.0
Shore,10707,5dd26846-584c-47ab-93ab-b5eab9310910,Shore,"Commonly used street suffix or abbreviations: Shoar, Shr",https://bedes.lbl.gov/node/5dd26846-584c-47ab-93ab-b5eab9310910,0e5b9f13-6b6b-4a6e-86bb-d4667b62cc4e,1.0
Shoals,10706,e5f47460-87d4-45ea-96e4-397a250934b9,Shoals,Commonly used street suffix or abbreviations: Shls,https://bedes.lbl.gov/node/e5f47460-87d4-45ea-96e4-397a250934b9,0e5b9f13-6b6b-4a6e-86bb-d4667b62cc4e,1.0
Shoal,10705,54890bb0-10a3-4765-801d-e076e72cc669,Shoal,Commonly used street suffix or abbreviations: Shl,https://bedes.lbl.gov/node/54890bb0-10a3-4765-801d-e076e72cc669,0e5b9f13-6b6b-4a6e-86bb-d4667b62cc4e,1.0
Run,10704,a01dc86c-d30b-49e8-a35f-f3dcc189ba3b,Run,Commonly used street suffix or abbreviations: Run,https://bedes.lbl.gov/node/a01dc86c-d30b-49e8-a35f-f3dcc189ba3b,0e5b9f13-6b6b-4a6e-86bb-d4667b62cc4e,1.0
Rue,10703,4877bbf1-9600-441c-8c06-18c91442237f,Rue,Commonly used street suffix or abbreviations: Rue,https://bedes.lbl.gov/node/4877bbf1-9600-441c-8c06-18c91442237f,0e5b9f13-6b6b-4a6e-86bb-d4667b62cc4e,1.0
Row,10702,a462ae84-7722-424e-9cab-7c6f4d92b981,Row,Commonly used street suffix or abbreviations: Row,https://bedes.lbl.gov/node/a462ae84-7722-424e-9cab-7c6f4d92b981,0e5b9f13-6b6b-4a6e-86bb-d4667b62cc4e,1.0
Route,10701,aed50e2e-10e6-437e-8f13-2eb61873ec75,Route,Commonly used street suffix or abbreviations: Rte,https://bedes.lbl.gov/node/aed50e2e-10e6-437e-8f13-2eb61873ec75,0e5b9f13-6b6b-4a6e-86bb-d4667b62cc4e,1.0
Roads,10700,f131d261-95f0-48aa-a48c-892f2ce373a6,Roads,Commonly used street suffix or abbreviations: Rds,https://bedes.lbl.gov/node/f131d261-95f0-48aa-a48c-892f2ce373a6,0e5b9f13-6b6b-4a6e-86bb-d4667b62cc4e,1.0
Road,10699,91878829-3e23-406a-ad78-6f2c1f418bf5,Road,Commonly used street suffix or abbreviations: Rd,https://bedes.lbl.gov/node/91878829-3e23-406a-ad78-6f2c1f418bf5,0e5b9f13-6b6b-4a6e-86bb-d4667b62cc4e,1.0
River,10698,f788da94-59e3-4aae-8037-e0978bfa2d8b,River,"Commonly used street suffix or abbreviations: Riv, Rvr, Rivr",https://bedes.lbl.gov/node/f788da94-59e3-4aae-8037-e0978bfa2d8b,0e5b9f13-6b6b-4a6e-86bb-d4667b62cc4e,1.0
Ridges,10697,c0256fb6-a0f5-4a23-8437-55dcff2263a8,Ridges,Commonly used street suffix or abbreviations: Rdgs,https://bedes.lbl.gov/node/c0256fb6-a0f5-4a23-8437-55dcff2263a8,0e5b9f13-6b6b-4a6e-86bb-d4667b62cc4e,1.0
Ridge,10696,fbf9de0d-6552-43d1-9562-51f093240379,Ridge,"Commonly used street suffix or abbreviations: Rdg, Rdge",https://bedes.lbl.gov/node/fbf9de0d-6552-43d1-9562-51f093240379,0e5b9f13-6b6b-4a6e-86bb-d4667b62cc4e,1.0
Rest,10695,24fbe3e9-58d8-4013-a4bd-b832f9908650,Rest,Commonly used street suffix or abbreviations: Rst,https://bedes.lbl.gov/node/24fbe3e9-58d8-4013-a4bd-b832f9908650,0e5b9f13-6b6b-4a6e-86bb-d4667b62cc4e,1.0
Rapids,10694,94859e23-170d-42c0-8bcb-62db358c9a97,Rapids,Commonly used street suffix or abbreviations: Rpds,https://bedes.lbl.gov/node/94859e23-170d-42c0-8bcb-62db358c9a97,0e5b9f13-6b6b-4a6e-86bb-d4667b62cc4e,1.0
Rapid,10693,a952ba73-dec1-4f87-9a13-7afe08249d60,Rapid,Commonly used street suffix or abbreviations: Rpd,https://bedes.lbl.gov/node/a952ba73-dec1-4f87-9a13-7afe08249d60,0e5b9f13-6b6b-4a6e-86bb-d4667b62cc4e,1.0
Ranch,10692,2c5baa26-a948-46dc-8b34-cda8873c14ac,Ranch,"Commonly used street suffix or abbreviations: Ranches, Rnch, Rnchs",https://bedes.lbl.gov/node/2c5baa26-a948-46dc-8b34-cda8873c14ac,0e5b9f13-6b6b-4a6e-86bb-d4667b62cc4e,1.0
Ramp,10691,931733ce-cfa5-435c-b380-b7682434a2fc,Ramp,Commonly used street suffix or abbreviations: Ramp,https://bedes.lbl.gov/node/931733ce-cfa5-435c-b380-b7682434a2fc,0e5b9f13-6b6b-4a6e-86bb-d4667b62cc4e,1.0
Radial,10690,0c3d4768-5310-4cbe-be25-8bc6c0f779ca,Radial,"Commonly used street suffix or abbreviations: Rad, Radiel, Radl",https://bedes.lbl.gov/node/0c3d4768-5310-4cbe-be25-8bc6c0f779ca,0e5b9f13-6b6b-4a6e-86bb-d4667b62cc4e,1.0
Prairie,10689,a832f274-5895-4247-9423-1cb89cd00a00,Prairie,"Commonly used street suffix or abbreviations: Pr, Prr",https://bedes.lbl.gov/node/a832f274-5895-4247-9423-1cb89cd00a00,0e5b9f13-6b6b-4a6e-86bb-d4667b62cc4e,1.0
Ports,10688,ac5a9042-ddc5-4e67-b4ac-36113ffa782f,Ports,Commonly used street suffix or abbreviations: Prts,https://bedes.lbl.gov/node/ac5a9042-ddc5-4e67-b4ac-36113ffa782f,0e5b9f13-6b6b-4a6e-86bb-d4667b62cc4e,1.0
Port,10687,a1fdec93-399c-4358-9cfd-98c263c6096e,Port,Commonly used street suffix or abbreviations: Prt,https://bedes.lbl.gov/node/a1fdec93-399c-4358-9cfd-98c263c6096e,0e5b9f13-6b6b-4a6e-86bb-d4667b62cc4e,1.0
Points,10686,22de7680-9e60-4039-9d17-45165c099ceb,Points,Commonly used street suffix or abbreviations: Pts,https://bedes.lbl.gov/node/22de7680-9e60-4039-9d17-45165c099ceb,0e5b9f13-6b6b-4a6e-86bb-d4667b62cc4e,1.0
Point,10685,9f8ba958-4f26-4d33-8c9e-0df264e5653d,Point,Commonly used street suffix or abbreviations: Pt,https://bedes.lbl.gov/node/9f8ba958-4f26-4d33-8c9e-0df264e5653d,0e5b9f13-6b6b-4a6e-86bb-d4667b62cc4e,1.0
Plaza,10684,f6d5f26e-c70b-407b-82f2-83ed69f217ea,Plaza,"Commonly used street suffix or abbreviations: Plz, Plza",https://bedes.lbl.gov/node/f6d5f26e-c70b-407b-82f2-83ed69f217ea,0e5b9f13-6b6b-4a6e-86bb-d4667b62cc4e,1.0
Plains,10683,401190af-7921-464a-91a5-a108609b1370,Plains,Commonly used street suffix or abbreviations: Plns,https://bedes.lbl.gov/node/401190af-7921-464a-91a5-a108609b1370,0e5b9f13-6b6b-4a6e-86bb-d4667b62cc4e,1.0
Plain,10682,777d5a1f-3f64-4124-96e0-e0e189c8eb7d,Plain,Commonly used street suffix or abbreviations: Pln,https://bedes.lbl.gov/node/777d5a1f-3f64-4124-96e0-e0e189c8eb7d,0e5b9f13-6b6b-4a6e-86bb-d4667b62cc4e,1.0
Place,10681,8313b76f-9b56-445c-bb5c-2245e70c460f,Place,Commonly used street suffix or abbreviations: Pl,https://bedes.lbl.gov/node/8313b76f-9b56-445c-bb5c-2245e70c460f,0e5b9f13-6b6b-4a6e-86bb-d4667b62cc4e,1.0
Pines,10680,b1659da5-fdd8-486e-8abc-872106a69e27,Pines,Commonly used street suffix or abbreviations: Pnes,https://bedes.lbl.gov/node/b1659da5-fdd8-486e-8abc-872106a69e27,0e5b9f13-6b6b-4a6e-86bb-d4667b62cc4e,1.0
Pine,10679,15577687-7994-468a-9555-37cbc8d04683,Pine,Commonly used street suffix or abbreviations: Pne,https://bedes.lbl.gov/node/15577687-7994-468a-9555-37cbc8d04683,0e5b9f13-6b6b-4a6e-86bb-d4667b62cc4e,1.0
Pike,10678,61fab8e0-c22c-4bd9-b4bc-f4742add8f16,Pike,Commonly used street suffix or abbreviations: Pikes,https://bedes.lbl.gov/node/61fab8e0-c22c-4bd9-b4bc-f4742add8f16,0e5b9f13-6b6b-4a6e-86bb-d4667b62cc4e,1.0
Path,10677,857f9f5c-4778-4a9b-af04-b1842eb08310,Path,Commonly used street suffix or abbreviations: Paths,https://bedes.lbl.gov/node/857f9f5c-4778-4a9b-af04-b1842eb08310,0e5b9f13-6b6b-4a6e-86bb-d4667b62cc4e,1.0
Passage,10676,cc6662a6-2d44-4adb-9a96-dea5b0741ef2,Passage,Commonly used street suffix or abbreviations: Psge,https://bedes.lbl.gov/node/cc6662a6-2d44-4adb-9a96-dea5b0741ef2,0e5b9f13-6b6b-4a6e-86bb-d4667b62cc4e,1.0
Pass,10675,e7841e9b-5202-43fb-a0eb-1d09c9549618,Pass,Commonly used street suffix or abbreviations: Pass,https://bedes.lbl.gov/node/e7841e9b-5202-43fb-a0eb-1d09c9549618,0e5b9f13-6b6b-4a6e-86bb-d4667b62cc4e,1.0
Parkways,10674,91f183cb-6e56-48ea-9220-18baf0b8293d,Parkways,Commonly used street suffix or abbreviations: Pkwys,https://bedes.lbl.gov/node/91f183cb-6e56-48ea-9220-18baf0b8293d,0e5b9f13-6b6b-4a6e-86bb-d4667b62cc4e,1.0
Parkway,10673,ef5728ec-cb10-4fec-8b8a-a8b49bc1f714,Parkway,"Commonly used street suffix or abbreviations: Parkwy, Pkway, Pkwy, Pky",https://bedes.lbl.gov/node/ef5728ec-cb10-4fec-8b8a-a8b49bc1f714,0e5b9f13-6b6b-4a6e-86bb-d4667b62cc4e,1.0
Parks,10672,08b17bb0-af0f-47bd-a6bf-91de0ef2094e,Parks,Commonly used street suffix or abbreviations: Prks,https://bedes.lbl.gov/node/08b17bb0-af0f-47bd-a6bf-91de0ef2094e,0e5b9f13-6b6b-4a6e-86bb-d4667b62cc4e,1.0
Park,10671,065fa0d2-64cc-436a-9b7b-dc547e32451d,Park,Commonly used street suffix or abbreviations: Prk,https://bedes.lbl.gov/node/065fa0d2-64cc-436a-9b7b-dc547e32451d,0e5b9f13-6b6b-4a6e-86bb-d4667b62cc4e,1.0
Overpass,10670,993ddda6-b6d9-4c5e-8f7a-25382b8ec162,Overpass,Commonly used street suffix or abbreviations: Opas,https://bedes.lbl.gov/node/993ddda6-b6d9-4c5e-8f7a-25382b8ec162,0e5b9f13-6b6b-4a6e-86bb-d4667b62cc4e,1.0
Oval,10669,af3fc929-2712-4b66-a3eb-c998d1014f42,Oval,Commonly used street suffix or abbreviations: Ovl,https://bedes.lbl.gov/node/af3fc929-2712-4b66-a3eb-c998d1014f42,0e5b9f13-6b6b-4a6e-86bb-d4667b62cc4e,1.0
Orchard,10668,0d759a0e-0c0c-4e08-a840-fcd17da25a66,Orchard,"Commonly used street suffix or abbreviations: Orch, Orchrd",https://bedes.lbl.gov/node/0d759a0e-0c0c-4e08-a840-fcd17da25a66,0e5b9f13-6b6b-4a6e-86bb-d4667b62cc4e,1.0
Neck,10667,ed34e1ea-b40a-4f07-b1ee-7365027be537,Neck,Commonly used street suffix or abbreviations: Nck,https://bedes.lbl.gov/node/ed34e1ea-b40a-4f07-b1ee-7365027be537,0e5b9f13-6b6b-4a6e-86bb-d4667b62cc4e,1.0
Mountains,10666,890a2d0c-c852-4ce3-9a6f-1bc42bf38741,Mountains,Commonly used street suffix or abbreviations: Mntns,https://bedes.lbl.gov/node/890a2d0c-c852-4ce3-9a6f-1bc42bf38741,0e5b9f13-6b6b-4a6e-86bb-d4667b62cc4e,1.0
Mountain,10665,d13b6420-c923-4c99-9e20-822c0479a022,Mountain,"Commonly used street suffix or abbreviations: Mntain, Mntn, Mountin, Mtin, Mtn",https://bedes.lbl.gov/node/d13b6420-c923-4c99-9e20-822c0479a022,0e5b9f13-6b6b-4a6e-86bb-d4667b62cc4e,1.0
Mount,10664,a84fca46-d6f6-4dce-b2e3-b033d92e5e12,Mount,"Commonly used street suffix or abbreviations: Mnt, Mt",https://bedes.lbl.gov/node/a84fca46-d6f6-4dce-b2e3-b033d92e5e12,0e5b9f13-6b6b-4a6e-86bb-d4667b62cc4e,1.0
Motorway,10663,6b6e6fb8-7c2d-46a4-9aea-80b6738681b7,Motorway,Commonly used street suffix or abbreviations: Mtwy,https://bedes.lbl.gov/node/6b6e6fb8-7c2d-46a4-9aea-80b6738681b7,0e5b9f13-6b6b-4a6e-86bb-d4667b62cc4e,1.0
Mission,10662,a800a43b-524f-4b7b-8b81-2d2951868fcf,Mission,"Commonly used street suffix or abbreviations: Missn, Msn, Mssn",https://bedes.lbl.gov/node/a800a43b-524f-4b7b-8b81-2d2951868fcf,0e5b9f13-6b6b-4a6e-86bb-d4667b62cc4e,1.0
Mills,10661,70939932-07c1-4590-a663-43053e6a653b,Mills,Commonly used street suffix or abbreviations: Mls,https://bedes.lbl.gov/node/70939932-07c1-4590-a663-43053e6a653b,0e5b9f13-6b6b-4a6e-86bb-d4667b62cc4e,1.0
Mill,10660,531eca40-58e3-4c54-b57f-4a2fa412eb8b,Mill,Commonly used street suffix or abbreviations: Ml,https://bedes.lbl.gov/node/531eca40-58e3-4c54-b57f-4a2fa412eb8b,0e5b9f13-6b6b-4a6e-86bb-d4667b62cc4e,1.0
Mews,10659,7f700e68-ee46-4c41-a767-785b507592b7,Mews,Commonly used street suffix or abbreviations: Mws,https://bedes.lbl.gov/node/7f700e68-ee46-4c41-a767-785b507592b7,0e5b9f13-6b6b-4a6e-86bb-d4667b62cc4e,1.0
Meadows,10658,427c605b-77d5-453b-8215-cf0b74e4f401,Meadows,Commonly used street suffix or abbreviations: Mdws,https://bedes.lbl.gov/node/427c605b-77d5-453b-8215-cf0b74e4f401,0e5b9f13-6b6b-4a6e-86bb-d4667b62cc4e,1.0
Meadow,10657,557ed31c-53e9-4b6b-b044-539e498f0dbc,Meadow,Commonly used street suffix or abbreviations: Mdw,https://bedes.lbl.gov/node/557ed31c-53e9-4b6b-b044-539e498f0dbc,0e5b9f13-6b6b-4a6e-86bb-d4667b62cc4e,1.0
Manors,10656,140b3393-08ad-43c8-989c-68b7ea0034c1,Manors,Commonly used street suffix or abbreviations: Mnrs,https://bedes.lbl.gov/node/140b3393-08ad-43c8-989c-68b7ea0034c1,0e5b9f13-6b6b-4a6e-86bb-d4667b62cc4e,1.0
Manor,10655,b86683eb-8108-4645-8f40-9033de640a4a,Manor,Commonly used street suffix or abbreviations: Mnr,https://bedes.lbl.gov/node/b86683eb-8108-4645-8f40-9033de640a4a,0e5b9f13-6b6b-4a6e-86bb-d4667b62cc4e,1.0
Mall,10654,55a41873-840c-4c7f-8cd8-8f10c95108bd,Mall,Commonly used street suffix or abbreviations: Mal,https://bedes.lbl.gov/node/55a41873-840c-4c7f-8cd8-8f10c95108bd,0e5b9f13-6b6b-4a6e-86bb-d4667b62cc4e,1.0
Loop,10653,f0e27d56-8d47-4458-bcda-4c19a5794dca,Loop,Commonly used street suffix or abbreviations: Loops,https://bedes.lbl.gov/node/f0e27d56-8d47-4458-bcda-4c19a5794dca,0e5b9f13-6b6b-4a6e-86bb-d4667b62cc4e,1.0
Lodge,10652,ec407c4d-de38-44d6-8a40-4f0f1de28d5a,Lodge,"Commonly used street suffix or abbreviations: Ldg, Ldge, Lodg",https://bedes.lbl.gov/node/ec407c4d-de38-44d6-8a40-4f0f1de28d5a,0e5b9f13-6b6b-4a6e-86bb-d4667b62cc4e,1.0
Locks,10651,0e1e270d-e941-4d14-a064-e374c4d681a2,Locks,Commonly used street suffix or abbreviations: Lcks,https://bedes.lbl.gov/node/0e1e270d-e941-4d14-a064-e374c4d681a2,0e5b9f13-6b6b-4a6e-86bb-d4667b62cc4e,1.0
Lock,10650,543588e8-516c-476a-abb4-d8bb222b610c,Lock,Commonly used street suffix or abbreviations: Lck,https://bedes.lbl.gov/node/543588e8-516c-476a-abb4-d8bb222b610c,0e5b9f13-6b6b-4a6e-86bb-d4667b62cc4e,1.0
Loaf,10649,6d3a8c60-aa99-47ab-b18e-1b6e66718ba1,Loaf,Commonly used street suffix or abbreviations: Lf,https://bedes.lbl.gov/node/6d3a8c60-aa99-47ab-b18e-1b6e66718ba1,0e5b9f13-6b6b-4a6e-86bb-d4667b62cc4e,1.0
Lights,10648,b0e5f181-f696-40f0-bc01-acf3e7359f66,Lights,Commonly used street suffix or abbreviations: Lgts,https://bedes.lbl.gov/node/b0e5f181-f696-40f0-bc01-acf3e7359f66,0e5b9f13-6b6b-4a6e-86bb-d4667b62cc4e,1.0
Light,10647,d6fdaaaf-824f-4173-bfe1-fa307313a68e,Light,Commonly used street suffix or abbreviations: Lgt,https://bedes.lbl.gov/node/d6fdaaaf-824f-4173-bfe1-fa307313a68e,0e5b9f13-6b6b-4a6e-86bb-d4667b62cc4e,1.0
Lane,10646,2fe46d88-a5d1-4361-9b96-1ba5dc98b06c,Lane,Commonly used street suffix or abbreviations: Ln,https://bedes.lbl.gov/node/2fe46d88-a5d1-4361-9b96-1ba5dc98b06c,0e5b9f13-6b6b-4a6e-86bb-d4667b62cc4e,1.0
Landing,10645,05a69753-9a5d-4af0-b3d1-889d45d17d5e,Landing,"Commonly used street suffix or abbreviations: Lndg, Lndng",https://bedes.lbl.gov/node/05a69753-9a5d-4af0-b3d1-889d45d17d5e,0e5b9f13-6b6b-4a6e-86bb-d4667b62cc4e,1.0
Land,10644,bb3bf465-49f8-4a7d-9c54-68231c5224d4,Land,Commonly used street suffix or abbreviations: Lnd,https://bedes.lbl.gov/node/bb3bf465-49f8-4a7d-9c54-68231c5224d4,0e5b9f13-6b6b-4a6e-86bb-d4667b62cc4e,1.0
Lakes,10643,f9bbf881-4ef0-4322-b0cf-ea9553b6b555,Lakes,Commonly used street suffix or abbreviations: Lks,https://bedes.lbl.gov/node/f9bbf881-4ef0-4322-b0cf-ea9553b6b555,0e5b9f13-6b6b-4a6e-86bb-d4667b62cc4e,1.0
Lake,10642,e3f2b514-2cb0-43c1-8653-1878ed015aa9,Lake,Commonly used street suffix or abbreviations: Lk,https://bedes.lbl.gov/node/e3f2b514-2cb0-43c1-8653-1878ed015aa9,0e5b9f13-6b6b-4a6e-86bb-d4667b62cc4e,1.0
Knolls,10641,7575f127-edf5-49b9-ab43-95e7fdae1d35,Knolls,"Commonly used street suffix or abbreviations: Knls, Knolls",https://bedes.lbl.gov/node/7575f127-edf5-49b9-ab43-95e7fdae1d35,0e5b9f13-6b6b-4a6e-86bb-d4667b62cc4e,1.0
Knoll,10640,a06a1092-b220-43dc-b0bd-dc388315a85a,Knoll,"Commonly used street suffix or abbreviations: Knl, Knol",https://bedes.lbl.gov/node/a06a1092-b220-43dc-b0bd-dc388315a85a,0e5b9f13-6b6b-4a6e-86bb-d4667b62cc4e,1.0
Keys,10639,e46a6dd4-3743-47ef-abb7-5009367d4549,Keys,Commonly used street suffix or abbreviations: Kys,https://bedes.lbl.gov/node/e46a6dd4-3743-47ef-abb7-5009367d4549,0e5b9f13-6b6b-4a6e-86bb-d4667b62cc4e,1.0
Key,10638,f51f7059-4fd3-4cb3-892a-99220ace6b38,Key,Commonly used street suffix or abbreviations: Ky,https://bedes.lbl.gov/node/f51f7059-4fd3-4cb3-892a-99220ace6b38,0e5b9f13-6b6b-4a6e-86bb-d4667b62cc4e,1.0
Junctions,10637,2a2264f6-44d7-4875-abe5-62fd967ad17d,Junctions,"Commonly used street suffix or abbreviations: Jctns, Jcts",https://bedes.lbl.gov/node/2a2264f6-44d7-4875-abe5-62fd967ad17d,0e5b9f13-6b6b-4a6e-86bb-d4667b62cc4e,1.0
Junction,10636,01fd7bf5-3b34-4ca2-a837-bb3949cefd6a,Junction,"Commonly used street suffix or abbreviations: Jct, Jction, Jctn, Junctn, Juncton",https://bedes.lbl.gov/node/01fd7bf5-3b34-4ca2-a837-bb3949cefd6a,0e5b9f13-6b6b-4a6e-86bb-d4667b62cc4e,1.0
Isle,10635,b52268db-5bea-499b-b74a-551a5e73fc98,Isle,Commonly used street suffix or abbreviations: Isles,https://bedes.lbl.gov/node/b52268db-5bea-499b-b74a-551a5e73fc98,0e5b9f13-6b6b-4a6e-86bb-d4667b62cc4e,1.0
Islands,10634,009c6cea-5388-4df9-9722-b7dc096ce274,Islands,"Commonly used street suffix or abbreviations: Islnds, Iss",https://bedes.lbl.gov/node/009c6cea-5388-4df9-9722-b7dc096ce274,0e5b9f13-6b6b-4a6e-86bb-d4667b62cc4e,1.0
Island,10633,70a3d052-c6d4-425d-9bff-c4561500cce1,Island,"Commonly used street suffix or abbreviations: Is, Islnd",https://bedes.lbl.gov/node/70a3d052-c6d4-425d-9bff-c4561500cce1,0e5b9f13-6b6b-4a6e-86bb-d4667b62cc4e,1.0
Inlet,10632,0ac494ad-b770-49d8-8f7e-c83161167fc8,Inlet,Commonly used street suffix or abbreviations: Inlt,https://bedes.lbl.gov/node/0ac494ad-b770-49d8-8f7e-c83161167fc8,0e5b9f13-6b6b-4a6e-86bb-d4667b62cc4e,1.0
Hollow,10631,9b2bcffc-ff47-4908-9a29-47e9201a7066,Hollow,"Commonly used street suffix or abbreviations: Hllw, Hollows, Holw, Holws",https://bedes.lbl.gov/node/9b2bcffc-ff47-4908-9a29-47e9201a7066,0e5b9f13-6b6b-4a6e-86bb-d4667b62cc4e,1.0
Hills,10630,583290f1-ac56-4637-a67c-8a4dfaf43fa4,Hills,Commonly used street suffix or abbreviations: Hls,https://bedes.lbl.gov/node/583290f1-ac56-4637-a67c-8a4dfaf43fa4,0e5b9f13-6b6b-4a6e-86bb-d4667b62cc4e,1.0
Hill,10629,437f1c8c-d627-44a0-8cfa-f798e77b335e,Hill,Commonly used street suffix or abbreviations: Hl,https://bedes.lbl.gov/node/437f1c8c-d627-44a0-8cfa-f798e77b335e,0e5b9f13-6b6b-4a6e-86bb-d4667b62cc4e,1.0
Highway,10628,19995d37-5940-463d-832d-081227b8a9f3,Highway,"Commonly used street suffix or abbreviations: Highwy, Hiway, Hiwy, Hway, Hwy",https://bedes.lbl.gov/node/19995d37-5940-463d-832d-081227b8a9f3,0e5b9f13-6b6b-4a6e-86bb-d4667b62cc4e,1.0
Heights,10627,e25a3019-19ef-4729-be12-136876d57dcc,Heights,"Commonly used street suffix or abbreviations: Ht, Hts",https://bedes.lbl.gov/node/e25a3019-19ef-4729-be12-136876d57dcc,0e5b9f13-6b6b-4a6e-86bb-d4667b62cc4e,1.0
Haven,10626,a37d7b10-2a24-477c-abee-c2fec8980fc7,Haven,Commonly used street suffix or abbreviations: Hvn,https://bedes.lbl.gov/node/a37d7b10-2a24-477c-abee-c2fec8980fc7,0e5b9f13-6b6b-4a6e-86bb-d4667b62cc4e,1.0
Harbors,10625,4081fee6-80a7-4486-bfca-55ce084a755f,Harbors,Commonly used street suffix or abbreviations: Hbrs,https://bedes.lbl.gov/node/4081fee6-80a7-4486-bfca-55ce084a755f,0e5b9f13-6b6b-4a6e-86bb-d4667b62cc4e,1.0
Harbor,10624,6a63191c-9f24-4471-bc35-11975ae6b44a,Harbor,"Commonly used street suffix or abbreviations: Harb, Harbr, Hbr, Hrbor",https://bedes.lbl.gov/node/6a63191c-9f24-4471-bc35-11975ae6b44a,0e5b9f13-6b6b-4a6e-86bb-d4667b62cc4e,1.0
Groves,10623,abbdd9f6-7457-4a15-b564-3fe2c7545990,Groves,Commonly used street suffix or abbreviations: Grvs,https://bedes.lbl.gov/node/abbdd9f6-7457-4a15-b564-3fe2c7545990,0e5b9f13-6b6b-4a6e-86bb-d4667b62cc4e,1.0
Grove,10622,c27de597-37b9-4394-a80d-eb8c7eea32df,Grove,"Commonly used street suffix or abbreviations: Grov, Grv",https://bedes.lbl.gov/node/c27de597-37b9-4394-a80d-eb8c7eea32df,0e5b9f13-6b6b-4a6e-86bb-d4667b62cc4e,1.0
Greens,10621,ae53204c-c8cc-4450-9ab2-55b5b4b09449,Greens,Commonly used street suffix or abbreviations: Grns,https://bedes.lbl.gov/node/ae53204c-c8cc-4450-9ab2-55b5b4b09449,0e5b9f13-6b6b-4a6e-86bb-d4667b62cc4e,1.0
Green,10620,72c53369-1c53-4356-aa6a-372ba219265c,Green,Commonly used street suffix or abbreviations: Grn,https://bedes.lbl.gov/node/72c53369-1c53-4356-aa6a-372ba219265c,0e5b9f13-6b6b-4a6e-86bb-d4667b62cc4e,1.0
Glens,10619,3535026c-b902-4ff7-8ede-357b39c29a5e,Glens,Commonly used street suffix or abbreviations: Glns,https://bedes.lbl.gov/node/3535026c-b902-4ff7-8ede-357b39c29a5e,0e5b9f13-6b6b-4a6e-86bb-d4667b62cc4e,1.0
Glen,10618,f1d493e1-de8c-4b6a-ba63-cba2b84bd47a,Glen,Commonly used street suffix or abbreviations: Gln,https://bedes.lbl.gov/node/f1d493e1-de8c-4b6a-ba63-cba2b84bd47a,0e5b9f13-6b6b-4a6e-86bb-d4667b62cc4e,1.0
Gateway,10617,a2731f92-dbc7-4c86-88a1-6973a77bfe4e,Gateway,"Commonly used street suffix or abbreviations: Gatewy, Gatway, Gtway, Gtwy",https://bedes.lbl.gov/node/a2731f92-dbc7-4c86-88a1-6973a77bfe4e,0e5b9f13-6b6b-4a6e-86bb-d4667b62cc4e,1.0
Gardens,10616,51f8c5d5-06ad-4c21-874a-44239fb21ed6,Gardens,"Commonly used street suffix or abbreviations: Gdns, Grdns",https://bedes.lbl.gov/node/51f8c5d5-06ad-4c21-874a-44239fb21ed6,0e5b9f13-6b6b-4a6e-86bb-d4667b62cc4e,1.0
Garden,10615,9f93ec03-da9f-4198-bdba-95affb3d5858,Garden,"Commonly used street suffix or abbreviations: Gardn, Gdn, Grden, Grdn",https://bedes.lbl.gov/node/9f93ec03-da9f-4198-bdba-95affb3d5858,0e5b9f13-6b6b-4a6e-86bb-d4667b62cc4e,1.0
Freeway,10614,cb4fc232-530b-40ef-a20a-2d1dc51ae9c3,Freeway,"Commonly used street suffix or abbreviations: Freewy, Frway, Frwy, Fwy",https://bedes.lbl.gov/node/cb4fc232-530b-40ef-a20a-2d1dc51ae9c3,0e5b9f13-6b6b-4a6e-86bb-d4667b62cc4e,1.0
Fort,10613,f7a39367-5e15-4adb-ba75-47cb18f427ec,Fort,"Commonly used street suffix or abbreviations: Frt, Ft",https://bedes.lbl.gov/node/f7a39367-5e15-4adb-ba75-47cb18f427ec,0e5b9f13-6b6b-4a6e-86bb-d4667b62cc4e,1.0
Forks,10612,c7b9e894-3b32-4004-9c0f-2c8574989b8c,Forks,Commonly used street suffix or abbreviations: Frks,https://bedes.lbl.gov/node/c7b9e894-3b32-4004-9c0f-2c8574989b8c,0e5b9f13-6b6b-4a6e-86bb-d4667b62cc4e,1.0
Fork,10611,bb7cfd4e-68fe-4b61-9aa7-e5086d0c9525,Fork,Commonly used street suffix or abbreviations: Frk,https://bedes.lbl.gov/node/bb7cfd4e-68fe-4b61-9aa7-e5086d0c9525,0e5b9f13-6b6b-4a6e-86bb-d4667b62cc4e,1.0
Forges,10610,a2133eb0-cd4a-4d78-82da-bb43036a45fa,Forges,Commonly used street suffix or abbreviations: Frgs,https://bedes.lbl.gov/node/a2133eb0-cd4a-4d78-82da-bb43036a45fa,0e5b9f13-6b6b-4a6e-86bb-d4667b62cc4e,1.0
Forge,10609,164b1c81-38ad-4cae-9899-82d0559fd90b,Forge,"Commonly used street suffix or abbreviations: Forg, Frg",https://bedes.lbl.gov/node/164b1c81-38ad-4cae-9899-82d0559fd90b,0e5b9f13-6b6b-4a6e-86bb-d4667b62cc4e,1.0
Forest,10608,610275f2-97c5-4989-807a-d6453048c92e,Forest,"Commonly used street suffix or abbreviations: Forests, Frst",https://bedes.lbl.gov/node/610275f2-97c5-4989-807a-d6453048c92e,0e5b9f13-6b6b-4a6e-86bb-d4667b62cc4e,1.0
Fords,10607,57357475-5370-4013-8f2d-5af0d0f5af06,Fords,Commonly used street suffix or abbreviations: Frds,https://bedes.lbl.gov/node/57357475-5370-4013-8f2d-5af0d0f5af06,0e5b9f13-6b6b-4a6e-86bb-d4667b62cc4e,1.0
Ford,10606,02bd74a4-b2a8-4d0a-a7b3-924d907db4b5,Ford,Commonly used street suffix or abbreviations: Frd,https://bedes.lbl.gov/node/02bd74a4-b2a8-4d0a-a7b3-924d907db4b5,0e5b9f13-6b6b-4a6e-86bb-d4667b62cc4e,1.0
Flats,10605,df92f004-3750-46fb-b153-d838088b07f4,Flats,Commonly used street suffix or abbreviations: Flts,https://bedes.lbl.gov/node/df92f004-3750-46fb-b153-d838088b07f4,0e5b9f13-6b6b-4a6e-86bb-d4667b62cc4e,1.0
Flat,10604,f51a67ea-394d-4c4b-8599-49e7962b2016,Flat,Commonly used street suffix or abbreviations: Flt,https://bedes.lbl.gov/node/f51a67ea-394d-4c4b-8599-49e7962b2016,0e5b9f13-6b6b-4a6e-86bb-d4667b62cc4e,1.0
Fields,10603,89d1f367-f69d-4529-9b9d-51df4477c5ac,Fields,Commonly used street suffix or abbreviations: Flds,https://bedes.lbl.gov/node/89d1f367-f69d-4529-9b9d-51df4477c5ac,0e5b9f13-6b6b-4a6e-86bb-d4667b62cc4e,1.0
Field,10602,e1e05474-b6a7-4fec-9a3a-301060fd72f9,Field,Commonly used street suffix or abbreviations: Fld,https://bedes.lbl.gov/node/e1e05474-b6a7-4fec-9a3a-301060fd72f9,0e5b9f13-6b6b-4a6e-86bb-d4667b62cc4e,1.0
Ferry,10601,c7c52cc8-4f32-4351-9708-aabfecf73897,Ferry,"Commonly used street suffix or abbreviations: Frry, Fry",https://bedes.lbl.gov/node/c7c52cc8-4f32-4351-9708-aabfecf73897,0e5b9f13-6b6b-4a6e-86bb-d4667b62cc4e,1.0
Falls,10600,7814fb9d-d41d-4838-b556-c7b45ecb6cb7,Falls,Commonly used street suffix or abbreviations: Fls,https://bedes.lbl.gov/node/7814fb9d-d41d-4838-b556-c7b45ecb6cb7,0e5b9f13-6b6b-4a6e-86bb-d4667b62cc4e,1.0
Fall,10599,2deba3f0-7042-4ab6-bfc1-7ade09e45438,Fall,Commonly used street suffix or abbreviations: Fl,https://bedes.lbl.gov/node/2deba3f0-7042-4ab6-bfc1-7ade09e45438,0e5b9f13-6b6b-4a6e-86bb-d4667b62cc4e,1.0
Extensions,10598,c3cfb28c-6c85-48bb-9553-a44571327fbd,Extensions,Commonly used street suffix or abbreviations: Exts,https://bedes.lbl.gov/node/c3cfb28c-6c85-48bb-9553-a44571327fbd,0e5b9f13-6b6b-4a6e-86bb-d4667b62cc4e,1.0
Extension,10597,990749de-c613-424b-bd54-6f981d0309a9,Extension,"Commonly used street suffix or abbreviations: Ext, Extn, Extnsn",https://bedes.lbl.gov/node/990749de-c613-424b-bd54-6f981d0309a9,0e5b9f13-6b6b-4a6e-86bb-d4667b62cc4e,1.0
Expressway,10596,4f7942fd-f6d8-47af-b73a-7ea2ec751359,Expressway,"Commonly used street suffix or abbreviations: Exp, Expr, Express, Expw, Expy",https://bedes.lbl.gov/node/4f7942fd-f6d8-47af-b73a-7ea2ec751359,0e5b9f13-6b6b-4a6e-86bb-d4667b62cc4e,1.0
Estates,10595,a46c40d4-4e5a-492a-8c75-2a72cffea313,Estates,Commonly used street suffix or abbreviations: Ests,https://bedes.lbl.gov/node/a46c40d4-4e5a-492a-8c75-2a72cffea313,0e5b9f13-6b6b-4a6e-86bb-d4667b62cc4e,1.0
Estate,10594,cc3d735a-4f7c-4beb-ae90-cb68745f1983,Estate,Commonly used street suffix or abbreviations: Est,https://bedes.lbl.gov/node/cc3d735a-4f7c-4beb-ae90-cb68745f1983,0e5b9f13-6b6b-4a6e-86bb-d4667b62cc4e,1.0
Drives,10593,5a14de32-f66d-47b0-b86b-5b15ca7420c5,Drives,Commonly used street suffix or abbreviations: Drs,https://bedes.lbl.gov/node/5a14de32-f66d-47b0-b86b-5b15ca7420c5,0e5b9f13-6b6b-4a6e-86bb-d4667b62cc4e,1.0
Drive,10592,eedb2835-3a78-4db4-85eb-24f5d6fd0a24,Drive,"Commonly used street suffix or abbreviations: Dr, Driv, Drv",https://bedes.lbl.gov/node/eedb2835-3a78-4db4-85eb-24f5d6fd0a24,0e5b9f13-6b6b-4a6e-86bb-d4667b62cc4e,1.0
Divide,10591,940c8d99-7212-417f-80ed-9e3cf405a36e,Divide,"Commonly used street suffix or abbreviations: Div, Dv, Dvd",https://bedes.lbl.gov/node/940c8d99-7212-417f-80ed-9e3cf405a36e,0e5b9f13-6b6b-4a6e-86bb-d4667b62cc4e,1.0
Dam,10590,a9408977-973d-4292-a721-297b66d14b6e,Dam,Commonly used street suffix or abbreviations: Dm,https://bedes.lbl.gov/node/a9408977-973d-4292-a721-297b66d14b6e,0e5b9f13-6b6b-4a6e-86bb-d4667b62cc4e,1.0
Dale,10589,bc3f719d-c3f3-4382-86f5-03f5184b875f,Dale,Commonly used street suffix or abbreviations: Dl,https://bedes.lbl.gov/node/bc3f719d-c3f3-4382-86f5-03f5184b875f,0e5b9f13-6b6b-4a6e-86bb-d4667b62cc4e,1.0
Curve,10588,34e40638-1c2d-4e71-97ca-1670ec9cd468,Curve,Commonly used street suffix or abbreviations: Curv,https://bedes.lbl.gov/node/34e40638-1c2d-4e71-97ca-1670ec9cd468,0e5b9f13-6b6b-4a6e-86bb-d4667b62cc4e,1.0
Crossroads,10587,ca7df125-69f3-47ea-b5df-38ac02370587,Crossroads,Commonly used street suffix or abbreviations: Xrds,https://bedes.lbl.gov/node/ca7df125-69f3-47ea-b5df-38ac02370587,0e5b9f13-6b6b-4a6e-86bb-d4667b62cc4e,1.0
Crossroad,10586,f6973595-008a-4301-bb53-cdd63bb2d74f,Crossroad,Commonly used street suffix or abbreviations: Xrd,https://bedes.lbl.gov/node/f6973595-008a-4301-bb53-cdd63bb2d74f,0e5b9f13-6b6b-4a6e-86bb-d4667b62cc4e,1.0
Crossing,10585,5cfee1c0-a671-4b33-a462-7d72e96d04e6,Crossing,"Commonly used street suffix or abbreviations: Crssng, Xing",https://bedes.lbl.gov/node/5cfee1c0-a671-4b33-a462-7d72e96d04e6,0e5b9f13-6b6b-4a6e-86bb-d4667b62cc4e,1.0
Crest,10584,e9d1be84-4b88-4c32-b830-a0fd05fca02a,Crest,Commonly used street suffix or abbreviations: Crst,https://bedes.lbl.gov/node/e9d1be84-4b88-4c32-b830-a0fd05fca02a,0e5b9f13-6b6b-4a6e-86bb-d4667b62cc4e,1.0
Crescent,10583,9da74a4e-b48f-442a-b723-86ecbe9db622,Crescent,"Commonly used street suffix or abbreviations: Cres, Crsent, Crsnt",https://bedes.lbl.gov/node/9da74a4e-b48f-442a-b723-86ecbe9db622,0e5b9f13-6b6b-4a6e-86bb-d4667b62cc4e,1.0
Creek,10582,5f0b30b8-bf19-446c-bdde-2c8084f86ce9,Creek,Commonly used street suffix or abbreviations: Crk,https://bedes.lbl.gov/node/5f0b30b8-bf19-446c-bdde-2c8084f86ce9,0e5b9f13-6b6b-4a6e-86bb-d4667b62cc4e,1.0
Coves,10581,071e6808-21c0-424c-8f74-f58008429b34,Coves,Commonly used street suffix or abbreviations: Cvs,https://bedes.lbl.gov/node/071e6808-21c0-424c-8f74-f58008429b34,0e5b9f13-6b6b-4a6e-86bb-d4667b62cc4e,1.0
Cove,10580,00f07f70-05bc-4499-b4f0-931609eac6b1,Cove,Commonly used street suffix or abbreviations: Cv,https://bedes.lbl.gov/node/00f07f70-05bc-4499-b4f0-931609eac6b1,0e5b9f13-6b6b-4a6e-86bb-d4667b62cc4e,1.0
Courts,10579,96b16526-ad35-4c6c-9c4f-8410b74a0b90,Courts,Commonly used street suffix or abbreviations: Cts,https://bedes.lbl.gov/node/96b16526-ad35-4c6c-9c4f-8410b74a0b90,0e5b9f13-6b6b-4a6e-86bb-d4667b62cc4e,1.0
Court,10578,c46e0a47-077a-4c11-8310-ff7abaf268e5,Court,Commonly used street suffix or abbreviations: Ct,https://bedes.lbl.gov/node/c46e0a47-077a-4c11-8310-ff7abaf268e5,0e5b9f13-6b6b-4a6e-86bb-d4667b62cc4e,1.0
Course,10577,d8322470-868c-4e5f-b615-5eb4aa6d1073,Course,Commonly used street suffix or abbreviations: Crse,https://bedes.lbl.gov/node/d8322470-868c-4e5f-b615-5eb4aa6d1073,0e5b9f13-6b6b-4a6e-86bb-d4667b62cc4e,1.0
Corners,10576,1482d02b-7dad-4b28-933e-344b3f3f4c52,Corners,Commonly used street suffix or abbreviations: Cors,https://bedes.lbl.gov/node/1482d02b-7dad-4b28-933e-344b3f3f4c52,0e5b9f13-6b6b-4a6e-86bb-d4667b62cc4e,1.0
Corner,10575,49445426-9852-40cc-af21-372af1fc98b8,Corner,Commonly used street suffix or abbreviations: Cor,https://bedes.lbl.gov/node/49445426-9852-40cc-af21-372af1fc98b8,0e5b9f13-6b6b-4a6e-86bb-d4667b62cc4e,1.0
Commons,10574,5719b7b4-14f7-4205-9480-db70820d399f,Commons,Commonly used street suffix or abbreviations: Cmn,https://bedes.lbl.gov/node/5719b7b4-14f7-4205-9480-db70820d399f,0e5b9f13-6b6b-4a6e-86bb-d4667b62cc4e,1.0
Common,10573,5ef25880-ec7b-4e1c-8a64-786f4362f843,Common,Commonly used street suffix or abbreviations: Clb,https://bedes.lbl.gov/node/5ef25880-ec7b-4e1c-8a64-786f4362f843,0e5b9f13-6b6b-4a6e-86bb-d4667b62cc4e,1.0
Club,10572,768ace2c-7b96-4917-8883-165fab8bc7b3,Club,Commonly used street suffix or abbreviations: Clfs,https://bedes.lbl.gov/node/768ace2c-7b96-4917-8883-165fab8bc7b3,0e5b9f13-6b6b-4a6e-86bb-d4667b62cc4e,1.0
Cliff,10571,e6f1070e-1ef5-4a44-8203-819a91256e95,Cliff,Commonly used street suffix or abbreviations: Clf,https://bedes.lbl.gov/node/e6f1070e-1ef5-4a44-8203-819a91256e95,0e5b9f13-6b6b-4a6e-86bb-d4667b62cc4e,1.0
Circles,10570,c325dad7-70cf-46ea-90db-1865af20e9e7,Circles,Commonly used street suffix or abbreviations: Cirs,https://bedes.lbl.gov/node/c325dad7-70cf-46ea-90db-1865af20e9e7,0e5b9f13-6b6b-4a6e-86bb-d4667b62cc4e,1.0
Circle,10569,a9fd475e-f723-4141-9775-edaa6a838c94,Circle,"Commonly used street suffix or abbreviations: Cir, Circ, Circl, Crcl, Crcle",https://bedes.lbl.gov/node/a9fd475e-f723-4141-9775-edaa6a838c94,0e5b9f13-6b6b-4a6e-86bb-d4667b62cc4e,1.0
Centers,10568,acf42bec-9e4a-4f77-9a07-2d85850837d6,Centers,Commonly used street suffix or abbreviations: Ctrs,https://bedes.lbl.gov/node/acf42bec-9e4a-4f77-9a07-2d85850837d6,0e5b9f13-6b6b-4a6e-86bb-d4667b62cc4e,1.0
Center,10567,9f742165-0d04-4c39-b0d3-060c09b917ec,Center,"Commonly used street suffix or abbreviations: Cen, Cent, Centr, Centre, Cnter, Cntr, Ctr",https://bedes.lbl.gov/node/9f742165-0d04-4c39-b0d3-060c09b917ec,0e5b9f13-6b6b-4a6e-86bb-d4667b62cc4e,1.0
Causeway,10566,463dc0c8-7d3b-494a-a107-cde170674346,Causeway,"Commonly used street suffix or abbreviations: Causwa, Cswy",https://bedes.lbl.gov/node/463dc0c8-7d3b-494a-a107-cde170674346,0e5b9f13-6b6b-4a6e-86bb-d4667b62cc4e,1.0
Cape,10565,4cb658c8-d4c5-4384-b6ff-03688f74c8d4,Cape,Commonly used street suffix or abbreviations: Cpe,https://bedes.lbl.gov/node/4cb658c8-d4c5-4384-b6ff-03688f74c8d4,0e5b9f13-6b6b-4a6e-86bb-d4667b62cc4e,1.0
Canyon,10564,080be34d-4093-4d5d-af74-33f63a4bce4a,Canyon,"Commonly used street suffix or abbreviations: Canyn, Cnyn",https://bedes.lbl.gov/node/080be34d-4093-4d5d-af74-33f63a4bce4a,0e5b9f13-6b6b-4a6e-86bb-d4667b62cc4e,1.0
Camp,10563,963b4ace-e8c9-438e-8f6d-59f36cc2b56e,Camp,"Commonly used street suffix or abbreviations: Cp, Cmp",https://bedes.lbl.gov/node/963b4ace-e8c9-438e-8f6d-59f36cc2b56e,0e5b9f13-6b6b-4a6e-86bb-d4667b62cc4e,1.0
Bypass,10562,23d535b6-ca58-4dc3-82a9-44186397643b,Bypass,"Commonly used street suffix or abbreviations: Byp, Bypa, Bypas, Byps",https://bedes.lbl.gov/node/23d535b6-ca58-4dc3-82a9-44186397643b,0e5b9f13-6b6b-4a6e-86bb-d4667b62cc4e,1.0
Burgs,10561,71a2de90-10ee-4b3f-83d0-5aa10a9c9d21,Burgs,Commonly used street suffix or abbreviations: Bgs,https://bedes.lbl.gov/node/71a2de90-10ee-4b3f-83d0-5aa10a9c9d21,0e5b9f13-6b6b-4a6e-86bb-d4667b62cc4e,1.0
Burg,10560,9fa6131d-cb3c-4465-8a4c-c712de513c4a,Burg,Commonly used street suffix or abbreviations: Bg,https://bedes.lbl.gov/node/9fa6131d-cb3c-4465-8a4c-c712de513c4a,0e5b9f13-6b6b-4a6e-86bb-d4667b62cc4e,1.0
Brooks,10559,ced8eb72-ac54-4082-bd50-2fcde1dcc19d,Brooks,Commonly used street suffix or abbreviations: Brks,https://bedes.lbl.gov/node/ced8eb72-ac54-4082-bd50-2fcde1dcc19d,0e5b9f13-6b6b-4a6e-86bb-d4667b62cc4e,1.0
Brook,10558,1e83ef0f-442f-4fc5-b7ab-8bf6ec82aa0c,Brook,Commonly used street suffix or abbreviations: Brk,https://bedes.lbl.gov/node/1e83ef0f-442f-4fc5-b7ab-8bf6ec82aa0c,0e5b9f13-6b6b-4a6e-86bb-d4667b62cc4e,1.0
Bridge,10557,aa8bae82-98f1-4838-ac62-683ac3d7f71c,Bridge,"Commonly used street suffix or abbreviations: Brdge, Brg",https://bedes.lbl.gov/node/aa8bae82-98f1-4838-ac62-683ac3d7f71c,0e5b9f13-6b6b-4a6e-86bb-d4667b62cc4e,1.0
Branch,10556,cf71b9a1-ab6d-4ff2-b298-852033822281,Branch,"Commonly used street suffix or abbreviations: Br, Brnch",https://bedes.lbl.gov/node/cf71b9a1-ab6d-4ff2-b298-852033822281,0e5b9f13-6b6b-4a6e-86bb-d4667b62cc4e,1.0
Boulevard,10555,bde766fa-cdd1-4113-9ee8-30b1bb788de8,Boulevard,"Commonly used street suffix or abbreviations: Blvd, Boul, Boulv",https://bedes.lbl.gov/node/bde766fa-cdd1-4113-9ee8-30b1bb788de8,0e5b9f13-6b6b-4a6e-86bb-d4667b62cc4e,1.0
Bottom,10554,5860955a-4763-408e-b7cc-eeb500a63896,Bottom,"Commonly used street suffix or abbreviations: Bot, Btm, Bottm",https://bedes.lbl.gov/node/5860955a-4763-408e-b7cc-eeb500a63896,0e5b9f13-6b6b-4a6e-86bb-d4667b62cc4e,1.0
Bluffs,10553,f4b77b7b-2ecd-4879-8c22-3e353301a11b,Bluffs,"Commonly used street suffix or abbreviations: Blfs, Blufs",https://bedes.lbl.gov/node/f4b77b7b-2ecd-4879-8c22-3e353301a11b,0e5b9f13-6b6b-4a6e-86bb-d4667b62cc4e,1.0
Bluff,10552,cd795593-5b64-4081-b0c1-4732443798fb,Bluff,"Commonly used street suffix or abbreviations: Blf, Bluf",https://bedes.lbl.gov/node/cd795593-5b64-4081-b0c1-4732443798fb,0e5b9f13-6b6b-4a6e-86bb-d4667b62cc4e,1.0
Bend,10551,a12c8e8d-834d-4eb9-9bd6-d305742a1f0f,Bend,Commonly used street suffix or abbreviations: Bnd,https://bedes.lbl.gov/node/a12c8e8d-834d-4eb9-9bd6-d305742a1f0f,0e5b9f13-6b6b-4a6e-86bb-d4667b62cc4e,1.0
Beach,10550,91f12775-2c13-405f-85e1-dc8378b1a77b,Beach,Commonly used street suffix or abbreviations: Bch,https://bedes.lbl.gov/node/91f12775-2c13-405f-85e1-dc8378b1a77b,0e5b9f13-6b6b-4a6e-86bb-d4667b62cc4e,1.0
Bayou,10549,05c41371-f51b-466a-8279-61d7db6a5e15,Bayou,Commonly used street suffix or abbreviations: Bayoo,https://bedes.lbl.gov/node/05c41371-f51b-466a-8279-61d7db6a5e15,0e5b9f13-6b6b-4a6e-86bb-d4667b62cc4e,1.0
Avenue,10548,67b38e0e-248a-442c-bb9d-f4c320c17f09,Avenue,"Commonly used street suffix or abbreviations: Av, Ave, Aven, Avenu, Avn, Avnue",https://bedes.lbl.gov/node/67b38e0e-248a-442c-bb9d-f4c320c17f09,0e5b9f13-6b6b-4a6e-86bb-d4667b62cc4e,1.0
Arcade,10547,38300982-b3ce-4f71-b223-e7e4f7053d04,Arcade,Commonly used street suffix or abbreviations: Arc,https://bedes.lbl.gov/node/38300982-b3ce-4f71-b223-e7e4f7053d04,0e5b9f13-6b6b-4a6e-86bb-d4667b62cc4e,1.0
Annex,10546,949cbf45-de1c-49f3-bb00-0160ee4ba1ed,Annex,"Commonly used street suffix or abbreviations: Annex, Annx, Anx",https://bedes.lbl.gov/node/949cbf45-de1c-49f3-bb00-0160ee4ba1ed,0e5b9f13-6b6b-4a6e-86bb-d4667b62cc4e,1.0
Alley,10545,670d0a51-0f50-48f3-b9c2-7b1576db3892,Alley,"Commonly used street suffix or abbreviations: Allee, Ally, Aly",https://bedes.lbl.gov/node/670d0a51-0f50-48f3-b9c2-7b1576db3892,0e5b9f13-6b6b-4a6e-86bb-d4667b62cc4e,1.0
Northwest,10544,d7841166-1906-464b-93c8-d17979b61275,Northwest,"Lying toward, or facing the northwest.",https://bedes.lbl.gov/node/d7841166-1906-464b-93c8-d17979b61275,de8671ad-4714-417d-9554-61b2e2561772,1.0
West,10543,adbc46db-dd2b-418e-8456-fe6f433f31d5,West,"Lying toward, or facing the west.",https://bedes.lbl.gov/node/adbc46db-dd2b-418e-8456-fe6f433f31d5,de8671ad-4714-417d-9554-61b2e2561772,1.0
Southwest,10542,26e15218-88e2-4573-aa0a-8bdb9a73b53b,Southwest,"Lying toward, or facing the southwest.",https://bedes.lbl.gov/node/26e15218-88e2-4573-aa0a-8bdb9a73b53b,de8671ad-4714-417d-9554-61b2e2561772,1.0
South,10541,32f17c2d-a396-49fe-9212-9efbd1ab6fbc,South,"Lying toward, or facing the south.",https://bedes.lbl.gov/node/32f17c2d-a396-49fe-9212-9efbd1ab6fbc,de8671ad-4714-417d-9554-61b2e2561772,1.0
Southeast,10540,3f0dd4b4-aeff-48b6-94f4-5c274f7da49f,Southeast,"Lying toward, or facing the southeast.",https://bedes.lbl.gov/node/3f0dd4b4-aeff-48b6-94f4-5c274f7da49f,de8671ad-4714-417d-9554-61b2e2561772,1.0
East,10539,2c8c0990-f06b-46a9-8483-73f4167fc21d,East,"Lying toward, or facing the east.",https://bedes.lbl.gov/node/2c8c0990-f06b-46a9-8483-73f4167fc21d,de8671ad-4714-417d-9554-61b2e2561772,1.0
Northeast,10538,b09b0771-eeb0-4878-a910-43100ffd6365,Northeast,"Lying toward, or facing the northeast.",https://bedes.lbl.gov/node/b09b0771-eeb0-4878-a910-43100ffd6365,de8671ad-4714-417d-9554-61b2e2561772,1.0
North,10537,cd3efe64-7475-4f58-b79a-eb2ee8f9083d,North,"Lying toward, or facing the north.",https://bedes.lbl.gov/node/cd3efe64-7475-4f58-b79a-eb2ee8f9083d,de8671ad-4714-417d-9554-61b2e2561772,1.0
Very cold,10536,d79f488d-5140-4807-973b-fc20653a6d53,Very cold,Building America or DOE zone.,https://bedes.lbl.gov/node/d79f488d-5140-4807-973b-fc20653a6d53,af2178d7-3ed1-456d-af87-3decc69dd233,1.0
Cold,10535,ca84d0e1-cb59-45ce-b407-d6a9d0793788,Cold,Building America or DOE zone.,https://bedes.lbl.gov/node/ca84d0e1-cb59-45ce-b407-d6a9d0793788,af2178d7-3ed1-456d-af87-3decc69dd233,1.0
Mixed-humid,10534,d6cd8a8e-1713-4f7c-a169-aa63b9fb3661,Mixed humid,Building America or DOE zone.,https://bedes.lbl.gov/node/d6cd8a8e-1713-4f7c-a169-aa63b9fb3661,af2178d7-3ed1-456d-af87-3decc69dd233,0.9636363636363636
Hot-humid,10533,,,,,,
Mixed-dry,10532,14f195cb-f6c6-4869-9f5b-a3f9b3a2230c,Mixed dry,Building America or DOE zone.,https://bedes.lbl.gov/node/14f195cb-f6c6-4869-9f5b-a3f9b3a2230c,af2178d7-3ed1-456d-af87-3decc69dd233,0.9555555555555556
Hot-dry,10531,,,,,,
Marine,10530,db379977-c3b0-4e75-a499-f54461ae4512,Marine,Building America or DOE zone.,https://bedes.lbl.gov/node/db379977-c3b0-4e75-a499-f54461ae4512,af2178d7-3ed1-456d-af87-3decc69dd233,1.0
Subarctic,10529,25237be0-aa42-4b74-a9a0-f90486f0ff5f,Subarctic,Building America or DOE zone.,https://bedes.lbl.gov/node/25237be0-aa42-4b74-a9a0-f90486f0ff5f,af2178d7-3ed1-456d-af87-3decc69dd233,1.0
5,10528,a989a284-d242-41db-92b2-f2e166cd8a75,5,California Title 24 representative city of Santa Marina. IECC Zone. CBECS zone.,https://bedes.lbl.gov/node/a989a284-d242-41db-92b2-f2e166cd8a75,af2178d7-3ed1-456d-af87-3decc69dd233,1.0
4,10527,49ed1dd1-c8ff-4fbe-816d-07359feb5075,4,California Title 24 representative city of Sunnyvale. CBECS zone.,https://bedes.lbl.gov/node/49ed1dd1-c8ff-4fbe-816d-07359feb5075,af2178d7-3ed1-456d-af87-3decc69dd233,1.0
3,10526,5fadc1df-d7d9-4328-ba24-93306ba9f82a,3,California Title 24 representative city of Oakland. IECC Zone. CBECS zone.,https://bedes.lbl.gov/node/5fadc1df-d7d9-4328-ba24-93306ba9f82a,af2178d7-3ed1-456d-af87-3decc69dd233,1.0
2,10525,c93c15d4-97ee-4f03-bf51-f988e3a760c7,2,California Title 24 representative city of Santa Rosa. IECC Zone. CBECS zone.,https://bedes.lbl.gov/node/c93c15d4-97ee-4f03-bf51-f988e3a760c7,af2178d7-3ed1-456d-af87-3decc69dd233,1.0
1,10524,3d986910-fcb2-405b-ae98-a7575cb931f0,1,California Title 24 representative city of Arcata. IECC Zone. CBECS zone.,https://bedes.lbl.gov/node/3d986910-fcb2-405b-ae98-a7575cb931f0,af2178d7-3ed1-456d-af87-3decc69dd233,1.0
Very cold,10523,d79f488d-5140-4807-973b-fc20653a6d53,Very cold,Building America or DOE zone.,https://bedes.lbl.gov/node/d79f488d-5140-4807-973b-fc20653a6d53,af2178d7-3ed1-456d-af87-3decc69dd233,1.0
Cold,10522,ca84d0e1-cb59-45ce-b407-d6a9d0793788,Cold,Building America or DOE zone.,https://bedes.lbl.gov/node/ca84d0e1-cb59-45ce-b407-d6a9d0793788,af2178d7-3ed1-456d-af87-3decc69dd233,1.0
Mixed-humid,10521,d6cd8a8e-1713-4f7c-a169-aa63b9fb3661,Mixed humid,Building America or DOE zone.,https://bedes.lbl.gov/node/d6cd8a8e-1713-4f7c-a169-aa63b9fb3661,af2178d7-3ed1-456d-af87-3decc69dd233,0.9636363636363636
Hot-humid,10520,,,,,,
Mixed-dry,10519,14f195cb-f6c6-4869-9f5b-a3f9b3a2230c,Mixed dry,Building America or DOE zone.,https://bedes.lbl.gov/node/14f195cb-f6c6-4869-9f5b-a3f9b3a2230c,af2178d7-3ed1-456d-af87-3decc69dd233,0.9555555555555556
Hot-dry,10518,,,,,,
Marine,10517,db379977-c3b0-4e75-a499-f54461ae4512,Marine,Building America or DOE zone.,https://bedes.lbl.gov/node/db379977-c3b0-4e75-a499-f54461ae4512,af2178d7-3ed1-456d-af87-3decc69dd233,1.0
Subarctic,10516,25237be0-aa42-4b74-a9a0-f90486f0ff5f,Subarctic,Building America or DOE zone.,https://bedes.lbl.gov/node/25237be0-aa42-4b74-a9a0-f90486f0ff5f,af2178d7-3ed1-456d-af87-3decc69dd233,1.0
8,10515,4a379f63-0bb5-4cb5-a04a-8f7269f0d723,8,ASHRAE. Subarctic. 12600 < HDD65F. California Title 24 representative city of El Toro. IECC Zone.,https://bedes.lbl.gov/node/4a379f63-0bb5-4cb5-a04a-8f7269f0d723,af2178d7-3ed1-456d-af87-3decc69dd233,1.0
7,10514,38e04aa1-b194-4b35-94fa-29c722f8997e,7,ASHRAE. Very cold. 9000 < HDD65F <= 12600. California Title 24 representative city of San Diego. IECC Zone,https://bedes.lbl.gov/node/38e04aa1-b194-4b35-94fa-29c722f8997e,af2178d7-3ed1-456d-af87-3decc69dd233,1.0
6,10513,50db75f3-a69b-4a8c-96c3-daed909445b0,6,California Title 24 representative city of Los Angeles. IECC Zone,https://bedes.lbl.gov/node/50db75f3-a69b-4a8c-96c3-daed909445b0,af2178d7-3ed1-456d-af87-3decc69dd233,1.0
5,10512,a989a284-d242-41db-92b2-f2e166cd8a75,5,California Title 24 representative city of Santa Marina. IECC Zone. CBECS zone.,https://bedes.lbl.gov/node/a989a284-d242-41db-92b2-f2e166cd8a75,af2178d7-3ed1-456d-af87-3decc69dd233,1.0
4 (Marine),10511,,,,,,
4 (Except Marine),10510,,,,,,
3,10509,5fadc1df-d7d9-4328-ba24-93306ba9f82a,3,California Title 24 representative city of Oakland. IECC Zone. CBECS zone.,https://bedes.lbl.gov/node/5fadc1df-d7d9-4328-ba24-93306ba9f82a,af2178d7-3ed1-456d-af87-3decc69dd233,1.0
2,10508,c93c15d4-97ee-4f03-bf51-f988e3a760c7,2,California Title 24 representative city of Santa Rosa. IECC Zone. CBECS zone.,https://bedes.lbl.gov/node/c93c15d4-97ee-4f03-bf51-f988e3a760c7,af2178d7-3ed1-456d-af87-3decc69dd233,1.0
1,10507,3d986910-fcb2-405b-ae98-a7575cb931f0,1,California Title 24 representative city of Arcata. IECC Zone. CBECS zone.,https://bedes.lbl.gov/node/3d986910-fcb2-405b-ae98-a7575cb931f0,af2178d7-3ed1-456d-af87-3decc69dd233,1.0
Climate Zone 16,10506,,,,,,
Climate Zone 15,10505,,,,,,
Climate Zone 14,10504,,,,,,
Climate Zone 13,10503,,,,,,
Climate Zone 12,10502,,,,,,
Climate Zone 11,10501,,,,,,
Climate Zone 10,10500,,,,,,
Climate Zone 9,10499,,,,,,
Climate Zone 8,10498,,,,,,
Climate Zone 7,10497,,,,,,
Climate Zone 6,10496,,,,,,
Climate Zone 5,10495,,,,,,
Climate Zone 4,10494,,,,,,
Climate Zone 3,10493,,,,,,
Climate Zone 2,10492,,,,,,
Climate Zone 1,10491,,,,,,
Southern,10490,432851f0-960f-456a-8be9-ab684a322cac,Southern,Energy Star zone.,https://bedes.lbl.gov/node/432851f0-960f-456a-8be9-ab684a322cac,af2178d7-3ed1-456d-af87-3decc69dd233,1.0
South-Central,10489,43ed30fc-d869-492c-8f32-36eccb02370d,South Central,Energy Star zone.,https://bedes.lbl.gov/node/43ed30fc-d869-492c-8f32-36eccb02370d,af2178d7-3ed1-456d-af87-3decc69dd233,0.9692307692307692
North-Central,10488,01d7c566-f181-4ff4-9d5f-7041fcc16ed0,North Central,Energy Star zone.,https://bedes.lbl.gov/node/01d7c566-f181-4ff4-9d5f-7041fcc16ed0,af2178d7-3ed1-456d-af87-3decc69dd233,0.9692307692307692
Northern,10487,0967418c-5b7b-4892-8ffa-b1466dac7b08,Northern,Energy Star zone.,https://bedes.lbl.gov/node/0967418c-5b7b-4892-8ffa-b1466dac7b08,af2178d7-3ed1-456d-af87-3decc69dd233,1.0
8,10486,4a379f63-0bb5-4cb5-a04a-8f7269f0d723,8,ASHRAE. Subarctic. 12600 < HDD65F. California Title 24 representative city of El Toro. IECC Zone.,https://bedes.lbl.gov/node/4a379f63-0bb5-4cb5-a04a-8f7269f0d723,af2178d7-3ed1-456d-af87-3decc69dd233,1.0
7,10485,38e04aa1-b194-4b35-94fa-29c722f8997e,7,ASHRAE. Very cold. 9000 < HDD65F <= 12600. California Title 24 representative city of San Diego. IECC Zone,https://bedes.lbl.gov/node/38e04aa1-b194-4b35-94fa-29c722f8997e,af2178d7-3ed1-456d-af87-3decc69dd233,1.0
6B,10484,01f71fd6-5285-45a7-ba8b-f622676a1611,6B,ASHRAE. Cold and dry. 7200 < HDD65F <= 9000,https://bedes.lbl.gov/node/01f71fd6-5285-45a7-ba8b-f622676a1611,af2178d7-3ed1-456d-af87-3decc69dd233,1.0
6A,10483,9584e8aa-5db2-43d7-976c-edec745d42e8,6A,ASHRAE. Cold and humid. 7200 < HDD65F <= 9000,https://bedes.lbl.gov/node/9584e8aa-5db2-43d7-976c-edec745d42e8,af2178d7-3ed1-456d-af87-3decc69dd233,1.0
5C,10482,303c44c3-3a21-4633-b43a-0721756900ad,5C,ASHRAE. Cool marine. 5400 < HDD65F <= 7200,https://bedes.lbl.gov/node/303c44c3-3a21-4633-b43a-0721756900ad,af2178d7-3ed1-456d-af87-3decc69dd233,1.0
5B,10481,815a32a1-a751-45de-9565-f90e7e6eb54a,5B,ASHRAE. Cool and dry. 5400 < HDD65F <= 7200,https://bedes.lbl.gov/node/815a32a1-a751-45de-9565-f90e7e6eb54a,af2178d7-3ed1-456d-af87-3decc69dd233,1.0
5A,10480,c4a889b8-b379-4f97-83ba-ba6b21e3f37c,5A,ASHRAE. Cool and humid. 5400 < HDD65F <= 7200,https://bedes.lbl.gov/node/c4a889b8-b379-4f97-83ba-ba6b21e3f37c,af2178d7-3ed1-456d-af87-3decc69dd233,1.0
4C,10479,80910b55-f3b8-4493-8765-91e31bf21d60,4C,ASHRAE. Mixed marine. 3600 <HDD65F <= 5400,https://bedes.lbl.gov/node/80910b55-f3b8-4493-8765-91e31bf21d60,af2178d7-3ed1-456d-af87-3decc69dd233,1.0
4B,10478,39d00a23-7f84-4550-b805-54aa989c3c9a,4B,ASHRAE. Mixed and dry. CDD50F <= 4500 and 3600 <HDD65F <= 5400,https://bedes.lbl.gov/node/39d00a23-7f84-4550-b805-54aa989c3c9a,af2178d7-3ed1-456d-af87-3decc69dd233,1.0
4A,10477,01fbc36e-50ab-42b5-859b-02eb38f50343,4A,ASHRAE. Mixed and humid. CDD50F <= 4500 and 3600 <HDD65F <= 5400,https://bedes.lbl.gov/node/01fbc36e-50ab-42b5-859b-02eb38f50343,af2178d7-3ed1-456d-af87-3decc69dd233,1.0
3C,10476,90fa882c-ddbb-4851-9f53-1f27c684f41a,3C,ASHRAE. Warm marine. CDD50F <= 4500 and HDD65F <= 3600,https://bedes.lbl.gov/node/90fa882c-ddbb-4851-9f53-1f27c684f41a,af2178d7-3ed1-456d-af87-3decc69dd233,1.0
3B,10475,8a917ae0-48fb-42e3-8006-ee3b1fa4453c,3B,ASHRAE. Warm and dry. 4500 < CDD50F <= 6300,https://bedes.lbl.gov/node/8a917ae0-48fb-42e3-8006-ee3b1fa4453c,af2178d7-3ed1-456d-af87-3decc69dd233,1.0
3A,10474,b3e632c1-56aa-4944-964f-5973ef978fdb,3A,ASHRAE. Warm and humid. 4500 < CDD50F <= 6300,https://bedes.lbl.gov/node/b3e632c1-56aa-4944-964f-5973ef978fdb,af2178d7-3ed1-456d-af87-3decc69dd233,1.0
2B,10473,2d84c8a9-b9be-486f-8f0a-c3f6d9d89f77,2B,ASHRAE. Hot and dry. 6300 < CDD50F <= 90000,https://bedes.lbl.gov/node/2d84c8a9-b9be-486f-8f0a-c3f6d9d89f77,af2178d7-3ed1-456d-af87-3decc69dd233,1.0
2A,10472,25039e74-0936-4475-8683-81ba293b7107,2A,ASHRAE. Hot and humid. 6300 < CDD50F <= 90000,https://bedes.lbl.gov/node/25039e74-0936-4475-8683-81ba293b7107,af2178d7-3ed1-456d-af87-3decc69dd233,1.0
1B,10471,69a32b49-275b-4a7b-b9ba-9f02a9b42096,1B,ASHRAE. Very hot and dry. 9000 < CDD50F,https://bedes.lbl.gov/node/69a32b49-275b-4a7b-b9ba-9f02a9b42096,af2178d7-3ed1-456d-af87-3decc69dd233,1.0
1A,10470,51b9fef8-c81f-4348-87b8-962c4ed3e04d,1A,ASHRAE. Very hot and humid. 9000 < CDD50F,https://bedes.lbl.gov/node/51b9fef8-c81f-4348-87b8-962c4ed3e04d,af2178d7-3ed1-456d-af87-3decc69dd233,1.0
